institution_country,genus,total_funding_usd,public_funding_usd,private_funding_usd,public_private_partnership_funding_usd,unclassified_funding_usd,n_projects,n_active_projects,n_from_abstract_mining,n_from_category_only,earliest_project_start_year,latest_project_end_year,funding_trend_slope_2017_2024,score_baseline,score_floor_0001,score_floor_001,score_excluded,rank_baseline,rank_floor_0001,rank_floor_001,rank_excluded
Argentina,Staphylococcus,60450.97,31460.39,28990.58,0.0,0.0,4,0,2,2,2013,2019,-1725.6297619047618,7.565875143678953e-05,0.0005756587514367895,0.00507565875143679,7.565875143678953e-05,714.0,1030.0,1018.0,714.0
Argentina,Enterobacter,26276.36,26276.36,0.0,0.0,0.0,1,0,0,1,2016,2019,0.0,1.0446959129540224e-05,0.0007604469591295402,0.00751044695912954,1.0446959129540224e-05,947.0,901.0,710.0,947.0
Argentina,Acinetobacter,11040.21,11040.21,0.0,0.0,0.0,1,0,0,1,2015,2018,0.0,4.389368339128451e-06,0.0007543893683391284,0.0075043893683391285,4.389368339128451e-06,984.0,939.0,747.0,984.0
Argentina,Enterobacteriaceae,5509.57,5509.57,0.0,0.0,0.0,1,0,0,1,2016,2019,0.0,2.1904956626922806e-06,0.0007521904956626922,0.007502190495662692,2.1904956626922806e-06,994.0,950.0,758.0,994.0
Australia,Streptococcus,35858732.56,25750332.77,10108399.79,0.0,0.0,52,4,21,32,2014,2027,-428973.0733333333,0.04126614726245648,0.04151614726245648,0.043766147262456485,0.04126614726245648,45.0,45.0,46.0,45.0
Australia,Staphylococcus,18637437.806666665,18384633.726666667,252804.08,0.0,0.0,32,5,26,6,2011,2027,7268.319642857127,0.019271829285989875,0.019371829285989878,0.020271829285989876,0.019271829285989875,92.0,92.0,107.0,92.0
Australia,Neisseria,13261293.55,11953526.075,149999.99,1157767.485,0.0,20,6,8,13,2015,2028,271758.2195238095,0.02579132757791014,0.02579132757791014,0.02579132757791014,0.02579132757791014,73.0,75.0,80.0,73.0
Australia,Acinetobacter,7862492.283333333,7862492.283333333,0.0,0.0,0.0,14,0,11,3,2014,2025,-260559.8755555556,0.00312597085518347,0.0038759708551834695,0.01062597085518347,0.00312597085518347,307.0,288.0,192.0,307.0
Australia,Pseudomonas,6606115.800000001,6606115.800000001,0.0,0.0,0.0,12,1,9,3,2012,2026,-120225.65305555558,0.004878712757725991,0.00537871275772599,0.009878712757725991,0.004878712757725991,230.0,226.0,227.0,230.0
Australia,Escherichia,6393845.57,6393845.570000001,0.0,0.0,0.0,15,5,4,11,2013,2027,227517.39904761908,0.018514831696420955,0.018864831696420954,0.022014831696420954,0.018514831696420955,95.0,95.0,94.0,95.0
Australia,Klebsiella,4110637.613333333,3886394.633333333,224242.98,0.0,0.0,9,2,8,1,2014,2026,-119420.68984126984,0.006538130557564032,0.006788130557564032,0.009038130557564032,0.006538130557564032,196.0,200.0,263.0,196.0
Australia,Helicobacter,3264191.22,3264191.22,0.0,0.0,0.0,8,1,7,2,2014,2027,59816.14,0.004788721982620563,0.005138721982620563,0.008288721982620564,0.004788721982620563,237.0,242.0,313.0,237.0
Australia,Chlamydia,3239627.515,2081860.03,0.0,1157767.485,0.0,5,0,4,2,2017,2025,-69052.00720238095,0.002398630139093326,0.0030486301390933255,0.008898630139093327,0.002398630139093326,400.0,366.0,271.0,400.0
Australia,Candida,3018263.15,3018263.1500000004,0.0,0.0,0.0,8,0,6,2,2015,2023,-68358.36464285714,0.0012000015135371618,0.0019500015135371618,0.008700001513537161,0.0012000015135371618,458.0,453.0,282.0,458.0
Australia,Salmonella,2518425.605,2418425.625,99999.98,0.0,0.0,12,1,0,12,2013,2027,-86911.69946428573,0.0034316021076316212,0.003681602107631621,0.00593160210763162,0.0034316021076316212,292.0,296.0,980.0,292.0
Australia,Enterobacteriaceae,2262175.2,2262175.2,0.0,0.0,0.0,7,1,0,7,2015,2027,-32064.581547619047,0.003151648205811249,0.0036516482058112495,0.00815164820581125,0.003151648205811249,304.0,298.0,335.0,304.0
Australia,Mycoplasma,1913331.02,1913331.02,0.0,0.0,0.0,2,1,1,1,2020,2027,25424.80404761905,0.003539459803003514,0.003889459803003514,0.007039459803003514,0.003539459803003514,286.0,287.0,808.0,286.0
Australia,Clostridium,1705251.27,1705251.27,0.0,0.0,0.0,9,0,9,0,2016,2022,-79856.62416666666,0.000677974054370033,0.001427974054370033,0.008177974054370032,0.000677974054370033,507.0,498.0,329.0,507.0
Australia,Haemophilus,1630162.5016666665,1630162.5016666665,0.0,0.0,0.0,7,0,4,3,2015,2025,-2442.41494047619,0.0006481202506519439,0.001398120250651944,0.008148120250651944,0.0006481202506519439,513.0,505.0,336.0,513.0
Australia,Clostridioides,1596379.35,1596379.35,0.0,0.0,0.0,9,0,0,9,2015,2022,-47918.90916666667,0.0006346887401714694,0.0013846887401714693,0.008134688740171469,0.0006346887401714694,515.0,507.0,338.0,515.0
Australia,Coronaviridae,1073521.55,1073521.55,0.0,0.0,0.0,1,1,0,1,2023,2027,63900.09226190476,0.004002327021168461,0.0043523270211684615,0.007502327021168461,0.004002327021168461,263.0,264.0,757.0,263.0
Australia,Enterococcus,1067370.5,814566.42,252804.08,0.0,0.0,4,1,4,1,2011,2027,-14628.515,0.0031267955664382816,0.0033767955664382814,0.005626795566438282,0.0031267955664382816,306.0,323.0,1009.0,306.0
Australia,Campylobacter,1037661.525,1037661.525,0.0,0.0,0.0,3,1,1,2,2016,2027,5369.794821428569,0.0027760053352944114,0.0031260053352944114,0.006276005335294411,0.0027760053352944114,344.0,357.0,876.0,344.0
Australia,Cryptococcus,805882.69,805882.69,0.0,0.0,0.0,3,0,3,0,2014,2020,-46541.87,0.0003204029601373224,0.0010704029601373225,0.007820402960137323,0.0003204029601373224,564.0,550.0,384.0,564.0
Australia,Brucella,669961.8,669961.8,0.0,0.0,0.0,1,0,0,1,2022,2025,23927.207142857143,0.0007618559065470105,0.0013618559065470106,0.00676185590654701,0.0007618559065470105,491.0,510.0,823.0,491.0
Australia,Aspergillus,626245.63,626245.63,0.0,0.0,0.0,2,0,1,1,2016,2025,5952.783928571429,0.00037225501832137994,0.00097225501832138,0.006372255018321379,0.00037225501832137994,559.0,611.0,863.0,559.0
Australia,Shigella,468999.99,468999.99,0.0,0.0,0.0,1,1,0,1,2023,2027,27916.666071428568,0.0030168247465081474,0.003366824746508147,0.006516824746508148,0.0030168247465081474,319.0,326.0,844.0,319.0
Australia,Rhizopus,397715.25,397715.25,0.0,0.0,0.0,1,0,0,1,2021,2023,4734.705357142857,0.00025617150818373606,0.0008561715081837362,0.006256171508183737,0.00025617150818373606,587.0,671.0,880.0,587.0
Australia,Lomentospora,391194.305,391194.305,0.0,0.0,0.0,1,1,0,1,2024,2027,32599.52541666667,0.0030828649263102115,0.003432864926310211,0.0065828649263102125,0.0030828649263102115,311.0,311.0,834.0,311.0
Australia,Scedosporium,391194.305,391194.305,0.0,0.0,0.0,1,1,0,1,2024,2027,32599.52541666667,0.0030828649263102115,0.003432864926310211,0.0065828649263102125,0.0030828649263102115,311.0,311.0,834.0,311.0
Australia,Moraxella,151937.91,151937.91,0.0,0.0,0.0,1,0,1,0,2016,2018,0.0,6.0407496928713144e-05,0.0008104074969287131,0.007560407496928713,6.0407496928713144e-05,747.0,731.0,541.0,747.0
Australia,Virus,43521.0,43521.0,0.0,0.0,0.0,1,0,0,1,2014,2017,0.0,1.7303085673842193e-05,0.0007673030856738421,0.0075173030856738425,1.7303085673842193e-05,905.0,863.0,672.0,905.0
Austria,Aspergillus,31856550.715,31856550.715,0.0,0.0,0.0,12,3,8,4,2014,2031,-1758009.0878571433,0.0194222889433964,0.0199222889433964,0.0244222889433964,0.0194222889433964,91.0,91.0,85.0,91.0
Austria,Candida,4908750.908333333,4908750.908333333,0.0,0.0,0.0,8,2,5,4,2013,2031,-16630.79650793651,0.006456126423082716,0.0069561264230827155,0.011456126423082717,0.006456126423082716,199.0,196.0,174.0,199.0
Austria,Pseudomonas,2494496.995,2494496.995,0.0,0.0,0.0,6,1,6,1,2011,2030,-7638.278214285716,0.0032440147397324783,0.003744014739732478,0.008244014739732478,0.0032440147397324783,300.0,294.0,318.0,300.0
Austria,Staphylococcus,1914360.7033333331,1914360.7033333331,0.0,0.0,0.0,8,2,8,1,2013,2027,9900.437083333334,0.005470637792425742,0.005820637792425742,0.008970637792425741,0.005470637792425742,212.0,211.0,268.0,212.0
Austria,Escherichia,1485480.788333333,1164805.7883333336,320675.0,0.0,0.0,9,1,5,4,2013,2026,-25681.37642857143,0.0034138882864803884,0.0036638882864803886,0.005913888286480389,0.0034138882864803884,293.0,297.0,985.0,293.0
Austria,Helicobacter,1242832.79,1242832.79,0.0,0.0,0.0,3,0,2,1,2019,2025,18198.696785714284,0.0008709901830486128,0.0014709901830486129,0.006870990183048614,0.0008709901830486128,477.0,486.0,815.0,477.0
Austria,Listeria,987896.765,987896.765,0.0,0.0,0.0,5,0,6,0,2013,2025,-2488.8543452380954,0.0003927681432344512,0.0011427681432344512,0.007892768143234452,0.0003927681432344512,551.0,537.0,371.0,551.0
Austria,Salmonella,875320.0433333333,875320.0433333333,0.0,0.0,0.0,3,1,4,1,2016,2026,4909.190833333334,0.00270192324747196,0.00305192324747196,0.006201923247471959,0.00270192324747196,358.0,365.0,888.0,358.0
Austria,Vibrio,798735.4,798735.4,0.0,0.0,0.0,3,0,2,1,2013,2025,-12728.33523809524,0.0003175613395126632,0.0010675613395126633,0.007817561339512663,0.0003175613395126632,567.0,553.0,389.0,567.0
Austria,Klebsiella,456291.29,456291.29,0.0,0.0,0.0,2,1,2,1,2021,2026,8704.833055555555,0.002613927127867257,0.002963927127867257,0.0061139271278672575,0.002613927127867257,370.0,374.0,910.0,370.0
Austria,Campylobacter,430318.2,430318.2,0.0,0.0,0.0,1,1,1,0,2023,2027,25614.17857142857,0.002953764974028018,0.0033037649740280182,0.006453764974028019,0.002953764974028018,329.0,335.0,856.0,329.0
Austria,Ascomycota,421091.58,421091.58,0.0,0.0,0.0,2,0,0,2,2013,2022,-23153.47,0.00016741765320818858,0.0009174176532081886,0.007667417653208188,0.00016741765320818858,628.0,635.0,448.0,628.0
Austria,Mucorales,416056.0,416056.0,0.0,0.0,0.0,2,0,0,2,2014,2023,-12348.255357142856,0.00016541560656042114,0.0009154156065604212,0.007665415606560422,0.00016541560656042114,629.0,636.0,449.0,629.0
Austria,Clostridium,403002.94,403002.94,0.0,0.0,0.0,2,0,6,0,2015,2022,-13275.36,0.00016022596901795193,0.0009102259690179519,0.007660225969017952,0.00016022596901795193,633.0,639.0,452.0,633.0
Austria,Mycoplasma,381118.03,381118.03,0.0,0.0,0.0,1,0,2,0,2019,2022,-13611.358214285712,0.0001515249632346674,0.0009015249632346674,0.007651524963234667,0.0001515249632346674,636.0,641.0,454.0,636.0
Austria,Streptococcus,353843.55666666664,353843.5566666667,0.0,0.0,0.0,4,0,4,1,2014,2022,-4166.143333333333,0.00014068117405713034,0.0008906811740571303,0.00764068117405713,0.00014068117405713034,644.0,648.0,462.0,644.0
Austria,Shigella,320675.0,0.0,320675.0,0.0,0.0,1,0,0,1,2019,2021,-11452.67857142857,0.0006985323750999228,0.0014485323750999227,0.008198532375099923,0.0006985323750999228,500.0,491.0,323.0,500.0
Austria,Enterobacteriaceae,221070.74,221070.74,0.0,0.0,0.0,1,0,0,1,2019,2023,-7895.3835714285715,8.789333779553992e-05,0.00083789333779554,0.00758789333779554,8.789333779553992e-05,699.0,692.0,500.0,699.0
Austria,Neisseria,136059.09,136059.09,0.0,0.0,0.0,1,0,1,0,2015,2019,0.0,5.409439330380749e-05,0.0008040943933038075,0.007554094393303807,5.409439330380749e-05,759.0,739.0,550.0,759.0
Austria,Corynebacterium,97027.62,97027.62,0.0,0.0,0.0,1,0,1,0,2016,2021,0.0,3.857625563725568e-05,0.0007885762556372556,0.007538576255637256,3.857625563725568e-05,797.0,773.0,582.0,797.0
Austria,Haemophilus,58326.00666666666,58326.00666666666,0.0,0.0,0.0,1,0,1,0,2019,2022,-2083.0716666666667,2.318926243345567e-05,0.0007731892624334557,0.007523189262433455,2.318926243345567e-05,873.0,833.0,641.0,873.0
Austria,Enterococcus,57543.62333333333,57543.62333333333,0.0,0.0,0.0,1,0,0,1,2014,2018,0.0,2.287820235104826e-05,0.0007728782023510482,0.007522878202351048,2.287820235104826e-05,876.0,836.0,644.0,876.0
Austria,Fusarium,45277.805,45277.805,0.0,0.0,0.0,1,0,1,0,2016,2018,0.0,1.800155646787805e-05,0.000768001556467878,0.007518001556467879,1.800155646787805e-05,902.0,861.0,670.0,902.0
Austria,Clostridioides,31292.86,31292.86,0.0,0.0,0.0,1,0,0,1,2015,2017,0.0,1.2441419948060694e-05,0.0007624414199480607,0.007512441419948061,1.2441419948060694e-05,933.0,887.0,696.0,933.0
Bangladesh,Reoviridae,3960720.95,3960720.95,0.0,0.0,0.0,1,1,0,1,2024,2029,330060.07916666666,0.01066194783684641,0.011011947836846411,0.014161947836846411,0.01066194783684641,148.0,147.0,144.0,148.0
Bangladesh,Streptococcus,931751.8,87360.5,844391.3,0.0,0.0,3,0,1,2,2013,2024,-3120.0178571428573,0.001874086227935449,0.0023740862279354492,0.006874086227935448,0.001874086227935449,436.0,442.0,814.0,436.0
Bangladesh,Shigella,125448.0,125448.0,0.0,0.0,0.0,1,0,2,0,2019,2024,-4480.285714285715,4.9875634558308764e-05,0.0007998756345583087,0.007549875634558308,4.9875634558308764e-05,770.0,749.0,560.0,770.0
Bangladesh,Salmonella,99999.99,0.0,99999.99,0.0,0.0,1,0,0,1,2019,2020,-3571.428214285714,0.00021783185631766907,0.0009678318563176691,0.007717831856317669,0.00021783185631766907,602.0,612.0,424.0,602.0
Bangladesh,Campylobacter,87360.5,87360.5,0.0,0.0,0.0,1,0,0,1,2019,2024,-3120.0178571428573,3.4732800625208314e-05,0.0007847328006252083,0.007534732800625209,3.4732800625208314e-05,810.0,781.0,589.0,810.0
Bangladesh,Escherichia,34000.0,34000.0,0.0,0.0,0.0,1,0,0,1,2015,2017,0.0,1.3517725073197642e-05,0.0007635177250731977,0.007513517725073197,1.3517725073197642e-05,926.0,880.0,689.0,926.0
Belgium,Shigella,11702977.25,0.0,11702977.25,0.0,0.0,1,0,2,0,2018,2021,-696605.7886904762,0.02549281513739101,0.02624281513739101,0.03299281513739101,0.02549281513739101,75.0,73.0,65.0,75.0
Belgium,Bordetella,7216994.48,0.0,7216994.48,0.0,0.0,1,0,0,1,2016,2021,0.0,0.01572091461821917,0.01647091461821917,0.02322091461821917,0.01572091461821917,110.0,110.0,89.0,110.0
Belgium,Staphylococcus,3840889.342142857,3840889.3421428576,0.0,0.0,0.0,7,0,6,1,2013,2021,-15329.463869047617,0.0015270613577547678,0.002277061357754768,0.009027061357754768,0.0015270613577547678,443.0,443.0,264.0,443.0
Belgium,Acinetobacter,3429860.2571428567,3429860.2571428567,0.0,0.0,0.0,3,1,4,0,2013,2028,179417.16547619045,0.007331325670405177,0.007681325670405178,0.010831325670405179,0.007331325670405177,180.0,180.0,188.0,180.0
Belgium,Escherichia,3102794.6021428574,3102794.6021428574,0.0,0.0,0.0,11,1,6,5,2013,2027,-36359.01529761904,0.0034858617931454528,0.003985861793145452,0.008485861793145453,0.0034858617931454528,288.0,277.0,293.0,288.0
Belgium,Streptococcus,1636713.27,1636713.27,0.0,0.0,0.0,2,1,2,0,2016,2029,0.0,0.0029029769583556143,0.003402976958355614,0.007902976958355614,0.0029029769583556143,331.0,318.0,369.0,331.0
Belgium,Candida,837085.56,544335.5800000001,292749.98,0.0,0.0,3,2,3,1,2022,2028,13392.3425,0.005635957293070747,0.005735957293070746,0.006635957293070746,0.005635957293070747,210.0,214.0,831.0,210.0
Belgium,Klebsiella,753380.4671428571,233486.47714285715,519893.99,0.0,0.0,3,1,3,0,2013,2026,20052.32130952381,0.0038928266801976905,0.00399282668019769,0.00489282668019769,0.0038928266801976905,265.0,276.0,1019.0,265.0
Belgium,Enterobacter,466157.3,466157.3,0.0,0.0,0.0,1,1,0,1,2024,2027,38846.441666666666,0.003242031900206581,0.003592031900206581,0.006742031900206581,0.003242031900206581,301.0,304.0,825.0,301.0
Belgium,Pseudomonas,329192.78714285715,329192.78714285715,0.0,0.0,0.0,4,0,3,1,2013,2024,6611.219999999999,0.00026778781323127693,0.000867787813231277,0.006267787813231277,0.00026778781323127693,583.0,662.0,878.0,583.0
Belgium,Salmonella,161644.41,161644.41,0.0,0.0,0.0,3,0,4,0,2011,2020,-11071.871785714286,6.426660864703647e-05,0.0008142666086470364,0.007564266608647036,6.426660864703647e-05,734.0,718.0,528.0,734.0
Belgium,Enterobacteriaceae,144855.0,144855.0,0.0,0.0,0.0,1,1,0,1,2024,2027,12071.25,0.002559819099117944,0.002909819099117944,0.006059819099117944,0.002559819099117944,377.0,385.0,930.0,377.0
Belgium,Burkholderia,141712.82714285716,141712.82714285716,0.0,0.0,0.0,2,0,2,0,2013,2021,0.0,5.634220696066835e-05,0.0008063422069606683,0.007556342206960668,5.634220696066835e-05,756.0,735.0,547.0,756.0
Belgium,Stenotrophomonas,141126.55000000002,141126.55000000002,0.0,0.0,0.0,1,0,1,0,2016,2021,0.0,5.61091148067318e-05,0.0008061091148067318,0.007556109114806732,5.61091148067318e-05,757.0,736.0,548.0,757.0
Belgium,Enterococcus,586.2771428571428,586.2771428571428,0.0,0.0,0.0,1,0,1,0,2013,2017,0.0,2.330921539365493e-07,0.0007502330921539365,0.007500233092153936,2.330921539365493e-07,1012.0,969.0,776.0,1012.0
Brazil,Klebsiella,2607976.036357143,360901.04635714286,2247074.99,0.0,0.0,19,1,17,3,2014,2028,-7176.951700396825,0.007290584997165225,0.007540584997165224,0.009790584997165223,0.007290584997165225,181.0,183.0,231.0,181.0
Brazil,Candida,1672492.5913333334,1508452.6013333334,164039.99,0.0,0.0,80,0,127,19,2014,2023,-59834.25448412698,0.0009570622013703345,0.0014570622013703345,0.005957062201370334,0.0009570622013703345,471.0,490.0,977.0,471.0
Brazil,Streptococcus,1421796.0151666666,1421796.0151666664,0.0,0.0,0.0,33,0,29,5,2012,2024,-71115.12576785714,0.0005652778718585571,0.0013152778718585573,0.008065277871858557,0.0005652778718585571,520.0,515.0,344.0,520.0
Brazil,Cryptococcus,807332.3300000001,789822.3300000001,17510.0,0.0,0.0,18,1,24,2,2013,2029,10392.910119047618,0.0028196320596948674,0.0029196320596948677,0.0038196320596948674,0.0028196320596948674,339.0,383.0,1029.0,339.0
Brazil,Histoplasma,606517.5866666667,606517.5866666668,0.0,0.0,0.0,5,0,5,0,2015,2021,-4480.038690476191,0.00024113935260645076,0.0009911393526064508,0.00774113935260645,0.00024113935260645076,594.0,597.0,415.0,594.0
Brazil,Bordetella,561823.1449999999,561823.1449999999,0.0,0.0,0.0,4,0,3,1,2017,2023,-33691.69982142856,0.00022336972981968394,0.0009733697298196839,0.007723369729819685,0.00022336972981968394,601.0,610.0,423.0,601.0
Brazil,Aspergillus,422080.48,422080.4800000001,0.0,0.0,0.0,16,0,21,1,2015,2021,-29213.88636904762,0.00016781082021774405,0.000917810820217744,0.007667810820217743,0.00016781082021774405,627.0,634.0,447.0,627.0
Brazil,Staphylococcus,337580.6606031746,337580.66060317453,0.0,0.0,0.0,26,0,32,2,2015,2022,-18809.358489417988,0.00013421536941359282,0.0008842153694135929,0.007634215369413593,0.00013421536941359282,647.0,652.0,465.0,647.0
Brazil,Trichophyton,282605.065,282605.065,0.0,0.0,0.0,9,0,0,9,2015,2021,-7077.822976190478,0.00011235816391068087,0.0008623581639106808,0.0076123581639106815,0.00011235816391068087,664.0,664.0,475.0,664.0
Brazil,Acinetobacter,270824.7495238095,270824.7495238095,0.0,0.0,0.0,18,0,22,3,2015,2022,-9961.6291765873,0.00010767454432589622,0.0008576745443258961,0.007607674544325897,0.00010767454432589622,672.0,669.0,480.0,672.0
Brazil,Sporothrix,267991.47,267991.47,0.0,0.0,0.0,6,0,0,6,2015,2020,-7174.568095238095,0.00010654808863006158,0.0008565480886300616,0.007606548088630061,0.00010654808863006158,675.0,670.0,481.0,675.0
Brazil,Pseudomonas,251048.6504126984,251048.6504126984,0.0,0.0,0.0,17,0,16,1,2015,2022,-8598.918046957671,9.981195989047538e-05,0.0008498119598904753,0.007599811959890476,9.981195989047538e-05,681.0,674.0,484.0,681.0
Brazil,Escherichia,205857.35288888888,205857.35288888888,0.0,0.0,0.0,16,0,16,1,2015,2020,-8288.834882275132,8.184479707788907e-05,0.000831844797077889,0.007581844797077889,8.184479707788907e-05,705.0,696.0,504.0,705.0
Brazil,Enterobacteriaceae,128793.37166666667,128793.37166666667,0.0,0.0,0.0,5,0,0,5,2015,2021,-3777.390773809523,5.1205687924710674e-05,0.0008012056879247106,0.00755120568792471,5.1205687924710674e-05,766.0,746.0,557.0,766.0
Brazil,Medium,125286.7225,125286.7225,0.0,0.0,0.0,6,0,0,6,2014,2020,-9594.652053571426,4.981151382579428e-05,0.0007998115138257943,0.0075498115138257944,4.981151382579428e-05,771.0,750.0,561.0,771.0
Brazil,Microsporum,120202.81,120202.81,0.0,0.0,0.0,2,0,0,2,2015,2020,0.0,4.779025113546507e-05,0.0007977902511354651,0.007547790251135465,4.779025113546507e-05,779.0,756.0,566.0,779.0
Brazil,Epidermophyton,107803.94,107803.94,0.0,0.0,0.0,1,0,0,1,2015,2020,0.0,4.286070655080866e-05,0.0007928607065508086,0.007542860706550809,4.286070655080866e-05,787.0,764.0,573.0,787.0
Brazil,Enterococcus,98251.77302380952,98251.77302380954,0.0,0.0,0.0,10,0,10,2,2017,2022,-4711.329398809523,3.9062954579119824e-05,0.0007890629545791198,0.00753906295457912,3.9062954579119824e-05,794.0,771.0,580.0,794.0
Brazil,Ascomycota,85897.76000000001,85897.76,0.0,0.0,0.0,5,0,0,5,2015,2017,0.0,3.41512442377504e-05,0.0007841512442377503,0.007534151244237751,3.41512442377504e-05,813.0,784.0,592.0,813.0
Brazil,Fusarium,80880.37833333333,80880.37833333333,0.0,0.0,0.0,6,0,7,1,2015,2020,-3589.613273809524,3.215643288606504e-05,0.000782156432886065,0.0075321564328860655,3.215643288606504e-05,833.0,797.0,604.0,833.0
Brazil,Enterobacter,79848.30535714285,79848.30535714285,0.0,0.0,0.0,5,0,8,3,2015,2022,-3003.6967857142854,3.174610115819387e-05,0.0007817461011581938,0.0075317461011581936,3.174610115819387e-05,835.0,799.0,606.0,835.0
Brazil,Neisseria,57672.87666666666,57672.87666666666,0.0,0.0,0.0,4,0,5,0,2015,2020,-1475.9567857142856,2.2929590910601036e-05,0.0007729295909106009,0.007522929590910601,2.2929590910601036e-05,875.0,835.0,643.0,875.0
Brazil,Salmonella,54430.01355555555,54430.01355555555,0.0,0.0,0.0,6,0,5,2,2016,2020,-984.4163544973544,2.164029291101238e-05,0.0007716402929110124,0.007521640292911013,2.164029291101238e-05,881.0,841.0,650.0,881.0
Brazil,Haemophilus,52424.93166666667,52424.93166666667,0.0,0.0,0.0,5,0,5,0,2015,2020,-3077.246964285714,2.084311215444627e-05,0.0007708431121544462,0.0075208431121544465,2.084311215444627e-05,888.0,848.0,657.0,888.0
Brazil,Basidiomycota,51123.240000000005,51123.240000000005,0.0,0.0,0.0,2,0,0,2,2016,2020,-747.14625,2.0325585387385317e-05,0.0007703255853873854,0.007520325585387386,2.0325585387385317e-05,889.0,849.0,658.0,889.0
Brazil,Listeria,39176.8,39176.8,0.0,0.0,0.0,1,0,1,0,2018,2019,-2331.952380952381,1.557591798963675e-05,0.0007655759179896367,0.0075155759179896375,1.557591798963675e-05,911.0,869.0,678.0,911.0
Brazil,Brucella,37844.115,37844.115,0.0,0.0,0.0,1,0,0,1,2018,2020,-2252.625892857143,1.5046068888484558e-05,0.0007650460688884845,0.007515046068888484,1.5046068888484558e-05,915.0,871.0,680.0,915.0
Brazil,Burkholderia,29605.4925,29605.4925,0.0,0.0,0.0,2,0,2,0,2013,2019,0.0,1.1770556125635728e-05,0.0007617705561256357,0.007511770556125636,1.1770556125635728e-05,939.0,893.0,702.0,939.0
Brazil,Xanthomonas,24771.215,24771.215,0.0,0.0,0.0,1,0,0,1,2019,2021,-884.6862499999999,9.848543355854987e-06,0.0007598485433558549,0.007509848543355855,9.848543355854987e-06,958.0,913.0,721.0,958.0
Brazil,Proteus,20067.48888888889,20067.48888888889,0.0,0.0,0.0,2,0,2,0,2018,2021,-845.0431481481481,7.978435226748484e-06,0.0007579784352267484,0.007507978435226749,7.978435226748484e-06,963.0,918.0,726.0,963.0
Brazil,Campylobacter,15885.206,15885.206000000002,0.0,0.0,0.0,2,0,2,1,2017,2019,-668.5319285714286,6.315642571738519e-06,0.0007563156425717385,0.007506315642571738,6.315642571738519e-06,972.0,927.0,735.0,972.0
Brazil,Citrobacter,8036.113333333334,8036.113333333334,0.0,0.0,0.0,1,0,1,0,2015,2018,0.0,3.194999138148762e-06,0.0007531949991381487,0.0075031949991381484,3.194999138148762e-06,987.0,942.0,750.0,987.0
Brazil,Bacillus,6494.068888888889,6494.068888888889,0.0,0.0,0.0,2,0,2,0,2018,2019,-360.27814814814815,2.5819128778354733e-06,0.0007525819128778354,0.007502581912877835,2.5819128778354733e-06,990.0,946.0,753.0,990.0
Brazil,Helicobacter,5390.578888888889,5390.578888888889,0.0,0.0,0.0,1,0,1,0,2018,2019,-320.867791005291,2.1431871589818597e-06,0.0007521431871589818,0.007502143187158982,2.1431871589818597e-06,996.0,952.0,760.0,996.0
Brazil,Shigella,5390.578888888889,5390.578888888889,0.0,0.0,0.0,1,0,0,1,2018,2019,-320.867791005291,2.1431871589818597e-06,0.0007521431871589818,0.007502143187158982,2.1431871589818597e-06,996.0,952.0,760.0,996.0
Brazil,Fonsecaea,5205.32,5205.32,0.0,0.0,0.0,1,0,0,1,2015,2017,0.0,2.069531902294622e-06,0.0007520695319022945,0.007502069531902295,2.069531902294622e-06,998.0,954.0,762.0,998.0
Brazil,Actinomyces,3391.136,3391.136,0.0,0.0,0.0,2,0,2,0,2017,2019,-282.59466666666674,1.3482483568771519e-06,0.0007513482483568772,0.007501348248356876,1.3482483568771519e-06,1000.0,956.0,764.0,1000.0
Brazil,Fusobacterium,3391.136,3391.136,0.0,0.0,0.0,2,0,2,0,2017,2019,-282.59466666666674,1.3482483568771519e-06,0.0007513482483568772,0.007501348248356876,1.3482483568771519e-06,1000.0,956.0,764.0,1000.0
Brazil,Serratia,3029.9,3029.9,0.0,0.0,0.0,2,0,2,0,2018,2020,-123.72142857142858,1.204628094096516e-06,0.0007512046280940965,0.007501204628094097,1.204628094096516e-06,1002.0,959.0,766.0,1002.0
Brazil,Moraxella,812.4,812.4,0.0,0.0,0.0,1,0,1,0,2018,2019,-48.35714285714285,3.2299411321958133e-07,0.0007503229941132196,0.007500322994113219,3.2299411321958133e-07,1011.0,968.0,775.0,1011.0
Bulgaria,Staphylococcus,72589.99,72589.99,0.0,0.0,0.0,1,0,1,0,2017,2021,-6049.165833333334,2.886033905547548e-05,0.0007788603390554755,0.007528860339055475,2.886033905547548e-05,846.0,809.0,616.0,846.0
Burkina Faso,Staphylococcus,117596.0,0.0,117596.0,0.0,0.0,1,0,0,1,2018,2018,-6999.761904761905,0.0002561615753714836,0.0010061615753714837,0.007756161575371484,0.0002561615753714836,588.0,575.0,409.0,588.0
Burkina Faso,Salmonella,30059.320000000003,30059.320000000003,0.0,0.0,0.0,1,0,0,1,2020,2023,-357.8490476190477,1.19509889308021e-05,0.000761950988930802,0.007511950988930802,1.19509889308021e-05,935.0,889.0,698.0,935.0
Burkina Faso,Shigella,30059.320000000003,30059.320000000003,0.0,0.0,0.0,1,0,0,1,2020,2023,-357.8490476190477,1.19509889308021e-05,0.000761950988930802,0.007511950988930802,1.19509889308021e-05,935.0,889.0,698.0,935.0
Burkina Faso,Streptococcus,30059.320000000003,30059.320000000003,0.0,0.0,0.0,1,0,0,1,2020,2023,-357.8490476190477,1.19509889308021e-05,0.000761950988930802,0.007511950988930802,1.19509889308021e-05,935.0,889.0,698.0,935.0
Canada,Pseudomonas,16323323.64359524,16323323.64359524,0.0,0.0,0.0,79,11,76,7,1996,2031,-286698.5681760204,0.031264604224626166,0.03176460422462617,0.03626460422462617,0.031264604224626166,60.0,59.0,60.0,60.0
Canada,Candida,16159230.699166669,16159230.699166665,0.0,0.0,0.0,51,9,58,5,2008,2031,121726.38526785716,0.029215609232467337,0.029565609232467337,0.03271560923246734,0.029215609232467337,66.0,65.0,66.0,66.0
Canada,Staphylococcus,11340502.398595238,11340502.398595238,0.0,0.0,0.0,65,13,56,10,2001,2029,164799.44444302723,0.03720075845497477,0.03755075845497477,0.04070075845497477,0.03720075845497477,49.0,49.0,49.0,49.0
Canada,Clostridioides,8909872.928,8909872.928,0.0,0.0,0.0,63,6,13,51,2012,2029,-33073.27823412699,0.017055902121685,0.017555902121685,0.022055902121685,0.017055902121685,103.0,102.0,93.0,103.0
Canada,Neisseria,8574654.295,8574654.295,0.0,0.0,0.0,24,6,29,4,2016,2029,-230912.63184523804,0.01692262584755832,0.01742262584755832,0.02192262584755832,0.01692262584755832,104.0,103.0,95.0,104.0
Canada,Cryptococcus,5396598.693333333,5396598.693333333,0.0,0.0,0.0,13,4,16,1,1995,2029,91525.79226190476,0.013049935421756316,0.013399935421756316,0.016549935421756316,0.013049935421756316,127.0,127.0,127.0,127.0
Canada,Streptococcus,4959819.381666667,4708719.381666666,251100.0,0.0,0.0,30,6,24,9,2006,2029,44258.2717261905,0.016849097411342936,0.016949097411342935,0.017849097411342937,0.016849097411342936,105.0,108.0,117.0,105.0
Canada,Salmonella,4891734.193333333,4891734.193333334,0.0,0.0,0.0,32,5,33,14,2013,2029,-5407.507698412702,0.01320611767175068,0.013706117671750681,0.01820611767175068,0.01320611767175068,126.0,126.0,115.0,126.0
Canada,Klebsiella,4327110.499761905,553704.5197619048,3773405.98,0.0,0.0,11,4,11,3,2017,2029,-257.49193594104213,0.01744883204919918,0.01769883204919918,0.01994883204919918,0.01744883204919918,98.0,101.0,110.0,98.0
Canada,Clostridium,4311723.571333333,4311723.571333333,0.0,0.0,0.0,33,1,38,0,2013,2028,-116076.99003968255,0.003966507953102542,0.004466507953102543,0.008966507953102543,0.003966507953102542,264.0,259.0,269.0,264.0
Canada,Escherichia,4078529.109166667,4078529.109166667,0.0,0.0,0.0,40,4,24,16,2008,2029,23085.235089285703,0.011108607783574207,0.011458607783574206,0.014608607783574206,0.011108607783574207,141.0,140.0,141.0,141.0
Canada,Aspergillus,1989888.1133333333,1989888.1133333333,0.0,0.0,0.0,13,0,18,2,2006,2025,-58301.81136904762,0.0007911400130136457,0.0015411400130136456,0.008291140013013646,0.0007911400130136457,487.0,477.0,312.0,487.0
Canada,Enterobacteriaceae,1715438.4833333334,1715438.4833333334,0.0,0.0,0.0,9,0,0,9,2014,2024,-35903.259523809524,0.0006820242881671511,0.001432024288167151,0.008182024288167151,0.0006820242881671511,503.0,495.0,326.0,503.0
Canada,Acinetobacter,1487091.8872619048,1487091.8872619048,0.0,0.0,0.0,16,5,15,3,2014,2028,22359.554323979595,0.012315528404962169,0.012665528404962169,0.01581552840496217,0.012315528404962169,129.0,130.0,133.0,129.0
Canada,Campylobacter,1143042.035,1143042.035,0.0,0.0,0.0,11,1,10,3,2004,2028,-2502.415238095237,0.002706703075082792,0.0032067030750827924,0.007706703075082791,0.002706703075082792,356.0,344.0,428.0,356.0
Canada,Burkholderia,1023712.94,1023712.94,0.0,0.0,0.0,4,1,7,0,2010,2026,18882.88380952381,0.0030502931002435994,0.0034002931002435994,0.006550293100243599,0.0030502931002435994,316.0,319.0,841.0,316.0
Canada,Treponema,998514.5,998514.5,0.0,0.0,0.0,1,0,1,0,2002,2023,0.0,0.0003969895439000414,0.0011469895439000415,0.007896989543900041,0.0003969895439000414,550.0,536.0,370.0,550.0
Canada,Vibrio,885257.985,885257.985,0.0,0.0,0.0,8,1,9,0,2013,2026,4021.553452380952,0.0026874928919801734,0.003037492891980174,0.006187492891980173,0.0026874928919801734,360.0,367.0,892.0,360.0
Canada,Haemophilus,706623.97,706623.97,0.0,0.0,0.0,2,0,2,0,2015,2021,0.0,0.0002809396634291606,0.0010309396634291606,0.007780939663429161,0.0002809396634291606,577.0,566.0,397.0,577.0
Canada,Helicobacter,639692.525,639692.5249999999,0.0,0.0,0.0,5,0,5,0,2015,2023,1241.31,0.0002800345010819392,0.0008800345010819392,0.00628003450108194,0.0002800345010819392,578.0,656.0,875.0,578.0
Canada,Enterococcus,604652.1103571428,604652.1103571428,0.0,0.0,0.0,9,1,11,0,2016,2027,653.7755824829926,0.002506188526083874,0.0028561885260838735,0.0060061885260838735,0.002506188526083874,383.0,390.0,969.0,383.0
Canada,Bordetella,544401.78,544401.78,0.0,0.0,0.0,4,0,4,1,2017,2022,-39667.36833333333,0.00021644334092351257,0.0009664433409235126,0.007716443340923513,0.00021644334092351257,603.0,613.0,425.0,603.0
Canada,Shigella,500845.39166666666,500845.39166666666,0.0,0.0,0.0,6,1,3,4,2016,2026,-16569.828511904758,0.0024513784378030756,0.0029513784378030756,0.007451378437803075,0.0024513784378030756,392.0,378.0,778.0,392.0
Canada,Aeromonas,497202.48,497202.48,0.0,0.0,0.0,1,0,1,0,2015,2021,0.0,0.000197677836186825,0.000947677836186825,0.007697677836186825,0.000197677836186825,613.0,622.0,434.0,613.0
Canada,Orthomyxoviridae,376815.0,376815.0,0.0,0.0,0.0,2,1,0,2,2020,2028,27871.25,0.002979233333638193,0.003329233333638193,0.0064792333336381935,0.002979233333638193,325.0,333.0,852.0,325.0
Canada,Citrobacter,331306.28,331306.28,0.0,0.0,0.0,3,0,3,0,2008,2024,-7441.309583333334,0.00013172080023717174,0.0008817208002371718,0.0076317208002371715,0.00013172080023717174,649.0,653.0,466.0,649.0
Canada,Listeria,217197.25,217197.25000000003,0.0,0.0,0.0,3,0,4,0,2013,2022,169.37476190476187,8.98607827666203e-05,0.0006898607827666203,0.0060898607827666205,8.98607827666203e-05,696.0,988.0,922.0,696.0
Canada,Chlamydia,190858.33,190858.33,0.0,0.0,0.0,2,1,1,1,2016,2026,6356.25,0.0024597610296154438,0.002809761029615444,0.005959761029615444,0.0024597610296154438,390.0,401.0,976.0,390.0
Canada,Gram,170453.79,170453.79,0.0,0.0,0.0,3,2,0,4,2022,2027,11788.201785714286,0.0048163874675606665,0.005166387467560667,0.008316387467560667,0.0048163874675606665,236.0,241.0,309.0,236.0
Canada,Coronaviridae,127839.7425,127839.7425,0.0,0.0,0.0,2,1,0,2,2023,2027,8046.169017857144,0.002469701483306875,0.002819701483306875,0.0059697014833068746,0.002469701483306875,389.0,399.0,975.0,389.0
Canada,Enterobacter,127766.71142857142,127766.71142857142,0.0,0.0,0.0,1,0,0,1,2019,2022,-4563.096836734693,5.0797508194059054e-05,0.000800797508194059,0.0075507975081940595,5.0797508194059054e-05,769.0,748.0,559.0,769.0
Canada,Stenotrophomonas,120835.25,120835.25,0.0,0.0,0.0,3,0,3,0,2018,2021,-6566.741071428572,4.8041696725032515e-05,0.0007980416967250325,0.007548041696725032,4.8041696725032515e-05,778.0,755.0,565.0,778.0
Canada,Mycoplasma,110353.33,110353.33,0.0,0.0,0.0,2,1,2,0,2016,2026,5801.785714285715,0.002416271812789122,0.002766271812789122,0.005916271812789122,0.002416271812789122,397.0,411.0,983.0,397.0
Canada,Bacillus,110079.0,110079.0,0.0,0.0,0.0,1,0,1,0,2014,2019,0.0,4.376522524507422e-05,0.0007937652252450742,0.0075437652252450735,4.376522524507422e-05,785.0,762.0,571.0,785.0
Canada,Serratia,109289.97,109289.97,0.0,0.0,0.0,2,0,2,0,2018,2021,-6505.355357142858,4.3451522579941716e-05,0.0007934515225799417,0.0075434515225799425,4.3451522579941716e-05,786.0,763.0,572.0,786.0
Canada,Leptospira,91077.94,91077.94,0.0,0.0,0.0,1,1,0,1,2025,2029,0.0,0.002288463033227346,0.002788463033227346,0.0072884630332273465,0.002288463033227346,424.0,406.0,791.0,424.0
Canada,Trypanosoma,44688.0,44688.0,0.0,0.0,0.0,1,0,0,1,2022,2023,1596.0,5.0817549227094446e-05,0.0006508175492270945,0.006050817549227094,5.0817549227094446e-05,768.0,999.0,936.0,768.0
Canada,Yersinia,25639.576666666668,25639.576666666668,0.0,0.0,0.0,2,0,2,0,2016,2020,-277.1546428571429,1.0193786716858038e-05,0.000760193786716858,0.007510193786716858,1.0193786716858038e-05,951.0,906.0,714.0,951.0
Canada,Legionella,23287.495,23287.495,0.0,0.0,0.0,1,0,1,0,2021,2023,277.23208333333326,1.4999657961245418e-05,0.0006149996579612455,0.006014999657961245,1.4999657961245418e-05,916.0,1028.0,966.0,916.0
Canada,Fusarium,22170.0,22170.0,0.0,0.0,0.0,1,0,1,0,2023,2024,1319.642857142857,3.614194575495234e-05,0.0006361419457549523,0.006036141945754952,3.614194575495234e-05,805.0,1007.0,946.0,805.0
Canada,Moraxella,13019.99,13019.99,0.0,0.0,0.0,1,0,1,0,2019,2020,-464.9996428571429,5.176489566934782e-06,0.0007551764895669347,0.007505176489566934,5.176489566934782e-06,977.0,932.0,740.0,977.0
Canada,Mucorales,2131.375,2131.375,0.0,0.0,0.0,1,0,0,1,2012,2017,0.0,8.473923905260773e-07,0.000750847392390526,0.007500847392390526,8.473923905260773e-07,1006.0,963.0,770.0,1006.0
China,Candida,3306740.8742857142,3306740.8742857142,0.0,0.0,0.0,78,1,5,75,2014,2028,-118659.9625,0.0035669467824551784,0.004066946782455179,0.008566946782455178,0.0035669467824551784,285.0,272.0,290.0,285.0
China,Aspergillus,1714081.1166666667,1714081.116666667,0.0,0.0,0.0,23,0,8,17,2014,2025,-76578.54472222223,0.0006814846261252829,0.001431484626125283,0.008181484626125283,0.0006814846261252829,504.0,496.0,327.0,504.0
China,Enterobacteriaceae,1703218.81,1703218.81,0.0,0.0,0.0,8,0,0,8,2015,2025,-51843.45678571429,0.0006771659886199662,0.0014271659886199663,0.008177165988619966,0.0006771659886199662,508.0,499.0,330.0,508.0
China,Staphylococcus,1554407.4692857142,1554407.4692857142,0.0,0.0,0.0,27,2,24,5,2014,2028,-9706.988392857143,0.005122506058078893,0.005622506058078893,0.010122506058078892,0.005122506058078893,222.0,217.0,201.0,222.0
China,Salmonella,1482501.1425,1482501.1425,0.0,0.0,0.0,11,1,3,9,2013,2027,-48571.51383928571,0.002841665277693911,0.003341665277693911,0.00784166527769391,0.002841665277693911,337.0,331.0,381.0,337.0
China,Pseudomonas,1199521.7317857144,1199521.7317857144,0.0,0.0,0.0,20,3,7,14,2014,2028,-9089.260049603176,0.0072336627858627925,0.007733662785862793,0.012233662785862793,0.0072336627858627925,182.0,179.0,160.0,182.0
China,Escherichia,1079792.9691666667,1079792.9691666667,0.0,0.0,0.0,17,2,4,13,2014,2028,-7695.421577380952,0.004933808754303527,0.005433808754303528,0.009933808754303526,0.004933808754303527,226.0,221.0,222.0,226.0
China,Cryptococcus,951746.65,951746.65,0.0,0.0,0.0,17,0,0,17,2015,2021,-55216.42857142857,0.00037839557511873124,0.0011283955751187312,0.007878395575118732,0.00037839557511873124,556.0,541.0,376.0,556.0
China,Streptococcus,772490.105,273200.105,499290.0,0.0,0.0,7,0,3,4,2014,2025,-24620.64863095238,0.001196231722680319,0.001696231722680319,0.006196231722680318,0.001196231722680319,460.0,463.0,891.0,460.0
China,Acinetobacter,767711.1276190476,767711.1276190475,0.0,0.0,0.0,18,1,2,16,2013,2028,-26409.92126984127,0.002557478956922512,0.0030574789569225123,0.007557478956922511,0.002557478956922512,378.0,363.0,545.0,378.0
China,Klebsiella,722210.6634523809,722210.6634523809,0.0,0.0,0.0,15,2,5,10,2014,2028,5225.315009920635,0.004899848651976806,0.0052498486519768055,0.008399848651976807,0.004899848651976806,229.0,233.0,301.0,229.0
China,Clostridium,621911.95,621911.95,0.0,0.0,0.0,3,0,3,0,2016,2020,-5336.47375,0.0002472598458775364,0.0009972598458775365,0.007747259845877536,0.0002472598458775364,591.0,596.0,412.0,591.0
China,Clostridioides,342891.74,342891.74,0.0,0.0,0.0,4,0,0,4,2016,2025,306.6212500000021,0.00014267656180693274,0.0007426765618069326,0.006142676561806933,0.00014267656180693274,643.0,970.0,902.0,643.0
China,Campylobacter,329515.465,329515.465,0.0,0.0,0.0,5,0,3,2,2014,2021,-16563.420535714282,0.0001310088077422612,0.0008810088077422612,0.007631008807742262,0.0001310088077422612,651.0,655.0,468.0,651.0
China,Phialophora,312120.0,312120.0,0.0,0.0,0.0,2,0,0,2,2016,2020,-2040.0,0.00012409271617195436,0.0008740927161719543,0.007624092716171954,0.00012409271617195436,659.0,660.0,472.0,659.0
China,Helicobacter,236301.28,236301.28,0.0,0.0,0.0,8,3,6,2,2014,2027,2378.2175,0.006899954357049342,0.007249954357049343,0.010399954357049343,0.006899954357049342,189.0,191.0,195.0,189.0
China,Rhizopus,226754.33,226754.33,0.0,0.0,0.0,2,0,1,1,2014,2025,16504.527499999997,0.0004319341482679278,0.0010319341482679279,0.006431934148267928,0.0004319341482679278,542.0,565.0,857.0,542.0
China,Medium,214731.65,214731.65,0.0,0.0,0.0,2,0,0,2,2018,2023,-5494.899642857143,8.537304144747354e-05,0.0008353730414474734,0.007585373041447473,8.537304144747354e-05,703.0,695.0,503.0,703.0
China,Enterobacter,200129.81595238092,200129.81595238092,0.0,0.0,0.0,7,1,2,5,2014,2028,-7638.666071428573,0.002331819894340309,0.002831819894340309,0.007331819894340308,0.002331819894340309,410.0,397.0,786.0,410.0
China,Shigella,137072.8125,137072.8125,0.0,0.0,0.0,4,1,1,3,2014,2027,988.8058035714286,0.0023272261939486015,0.0026772261939486015,0.0058272261939486016,0.0023272261939486015,412.0,423.0,996.0,412.0
China,Trypanosoma,123263.89,123263.89,0.0,0.0,0.0,1,0,0,1,2018,2021,-7337.13630952381,4.900727577861401e-05,0.0007990072757786139,0.007549007275778613,4.900727577861401e-05,775.0,753.0,564.0,775.0
China,Enterococcus,102378.20095238095,102378.20095238095,0.0,0.0,0.0,4,1,0,4,2014,2028,0.0,0.0022929557926629246,0.0027929557926629246,0.007292955792662925,0.0022929557926629246,422.0,404.0,789.0,422.0
China,Sporothrix,101360.0,101360.0,0.0,0.0,0.0,3,0,0,3,2014,2018,0.0,4.0298723924097445e-05,0.0007902987239240974,0.007540298723924097,4.0298723924097445e-05,791.0,768.0,577.0,791.0
China,Trichophyton,95242.5,95242.5,0.0,0.0,0.0,2,0,0,2,2016,2019,0.0,3.78665273612949e-05,0.0007878665273612948,0.007537866527361294,3.78665273612949e-05,798.0,774.0,583.0,798.0
China,Neisseria,94186.2075,94186.2075,0.0,0.0,0.0,3,0,2,1,2017,2022,-3610.635803571429,3.7446566431533703e-05,0.0007874465664315336,0.007537446566431533,3.7446566431533703e-05,799.0,775.0,584.0,799.0
China,Vibrio,86403.33,86403.33,0.0,0.0,0.0,2,0,1,1,2015,2018,0.0,3.4352248833787355e-05,0.0007843522488337873,0.007534352248833788,3.4352248833787355e-05,811.0,782.0,590.0,811.0
China,Fusarium,85680.0,85680.0,0.0,0.0,0.0,1,0,0,1,2018,2021,-5100.0,3.406466718445806e-05,0.000784064667184458,0.007534064667184459,3.406466718445806e-05,814.0,786.0,593.0,814.0
China,Ascomycota,81629.49333333335,81629.49333333335,0.0,0.0,0.0,2,0,0,2,2017,2020,-6073.886349206349,3.2454266139541765e-05,0.0007824542661395417,0.007532454266139542,3.2454266139541765e-05,826.0,793.0,600.0,826.0
China,Bordetella,71146.20749999999,71146.20749999999,0.0,0.0,0.0,2,0,2,0,2019,2022,-1690.635803571428,2.8286319793696237e-05,0.0007782863197936962,0.007528286319793695,2.8286319793696237e-05,851.0,814.0,621.0,851.0
China,Yersinia,71146.20749999999,71146.20749999999,0.0,0.0,0.0,2,0,2,0,2019,2022,-1690.635803571428,2.8286319793696237e-05,0.0007782863197936962,0.007528286319793695,2.8286319793696237e-05,851.0,814.0,621.0,851.0
China,Histoplasma,65407.5,65407.5,0.0,0.0,0.0,1,0,0,1,2016,2019,0.0,2.6004723609563965e-05,0.0007760047236095639,0.007526004723609564,2.6004723609563965e-05,865.0,826.0,633.0,865.0
China,Burkholderia,62928.19500000001,62928.19500000001,0.0,0.0,0.0,2,1,2,0,2016,2026,2431.1116071428573,0.0023276155039296917,0.0026776155039296918,0.005827615503929692,0.0023276155039296917,411.0,422.0,995.0,411.0
China,Mucor,60375.0,60375.0,0.0,0.0,0.0,1,0,0,1,2015,2018,0.0,2.400390150865611e-05,0.000774003901508656,0.0075240039015086555,2.400390150865611e-05,871.0,831.0,639.0,871.0
China,Leptospira,56350.0,56350.0,0.0,0.0,0.0,1,0,1,0,2015,2018,0.0,2.2403641408079036e-05,0.0007724036414080791,0.007522403641408078,2.2403641408079036e-05,878.0,838.0,647.0,878.0
China,Lichtheimia,48620.0,48620.0,0.0,0.0,0.0,1,0,0,1,2020,2023,-578.8095238095239,1.9330346854672628e-05,0.0007693303468546725,0.007519330346854673,1.9330346854672628e-05,897.0,856.0,665.0,897.0
China,Basidiomycota,48300.0,48300.0,0.0,0.0,0.0,1,0,0,1,2015,2018,0.0,1.9203121206924887e-05,0.0007692031212069249,0.007519203121206925,1.9203121206924887e-05,898.0,857.0,666.0,898.0
China,Bacillus,48080.25,48080.25,0.0,0.0,0.0,2,0,2,0,2016,2020,-915.2678571428572,1.9115752969135616e-05,0.0007691157529691355,0.007519115752969135,1.9115752969135616e-05,901.0,860.0,669.0,901.0
China,Fonsecaea,41043.33,41043.33,0.0,0.0,0.0,2,0,0,2,2014,2017,0.0,1.6318013265544854e-05,0.0007663180132655448,0.007516318013265544,1.6318013265544854e-05,909.0,867.0,676.0,909.0
China,Edwardsiella,35749.98,35749.98,0.0,0.0,0.0,1,0,1,0,2020,2022,-425.59500000000014,1.4213482382715126e-05,0.0007642134823827151,0.007514213482382716,1.4213482382715126e-05,922.0,877.0,686.0,922.0
China,Aeromonas,34800.0,34800.0,0.0,0.0,0.0,1,0,1,0,2019,2021,-1242.857142857143,1.3835789192567e-05,0.000763835789192567,0.007513835789192567,1.3835789192567e-05,923.0,878.0,687.0,923.0
China,Botrytis,28800.0,28800.0,0.0,0.0,0.0,1,0,0,1,2017,2019,-2400.0,1.1450308297296828e-05,0.0007614503082972969,0.007511450308297297,1.1450308297296828e-05,941.0,895.0,704.0,941.0
China,Pneumocystis,28700.0,28700.0,0.0,0.0,0.0,1,0,0,1,2014,2017,0.0,1.1410550282375657e-05,0.0007614105502823756,0.007511410550282375,1.1410550282375657e-05,942.0,896.0,705.0,942.0
China,Microsporum,20090.0,20090.0,0.0,0.0,0.0,1,0,0,1,2014,2017,0.0,7.987385197662961e-06,0.0007579873851976629,0.007507987385197663,7.987385197662961e-06,962.0,917.0,725.0,962.0
China,Serratia,12343.33,12343.33,0.0,0.0,0.0,1,0,0,1,2015,2017,0.0,4.907462983169196e-06,0.0007549074629831691,0.007504907462983169,4.907462983169196e-06,982.0,937.0,745.0,982.0
Colombia,Enterobacteriaceae,699999.97,0.0,0.0,699999.97,0.0,1,1,0,1,2025,2028,0.0,0.0032020515077408663,0.0038520515077408663,0.009702051507740866,0.0032020515077408663,302.0,290.0,235.0,302.0
Colombia,Acinetobacter,161250.0,161250.0,0.0,0.0,0.0,1,0,0,1,2019,2020,-5758.928571428572,6.410979906038588e-05,0.0008141097990603859,0.007564109799060385,6.410979906038588e-05,735.0,719.0,529.0,735.0
Colombia,Campylobacter,161250.0,161250.0,0.0,0.0,0.0,1,0,0,1,2019,2020,-5758.928571428572,6.410979906038588e-05,0.0008141097990603859,0.007564109799060385,6.410979906038588e-05,735.0,719.0,529.0,735.0
Colombia,Candida,161250.0,161250.0,0.0,0.0,0.0,1,0,1,0,2019,2020,-5758.928571428572,6.410979906038588e-05,0.0008141097990603859,0.007564109799060385,6.410979906038588e-05,735.0,719.0,529.0,735.0
Colombia,Escherichia,161250.0,161250.0,0.0,0.0,0.0,1,0,1,0,2019,2020,-5758.928571428572,6.410979906038588e-05,0.0008141097990603859,0.007564109799060385,6.410979906038588e-05,735.0,719.0,529.0,735.0
Colombia,Klebsiella,161250.0,161250.0,0.0,0.0,0.0,1,0,0,1,2019,2020,-5758.928571428572,6.410979906038588e-05,0.0008141097990603859,0.007564109799060385,6.410979906038588e-05,735.0,719.0,529.0,735.0
Colombia,Salmonella,161250.0,161250.0,0.0,0.0,0.0,1,0,0,1,2019,2020,-5758.928571428572,6.410979906038588e-05,0.0008141097990603859,0.007564109799060385,6.410979906038588e-05,735.0,719.0,529.0,735.0
Colombia,Shigella,161250.0,161250.0,0.0,0.0,0.0,1,0,0,1,2019,2020,-5758.928571428572,6.410979906038588e-05,0.0008141097990603859,0.007564109799060385,6.410979906038588e-05,735.0,719.0,529.0,735.0
Colombia,Vibrio,161250.0,161250.0,0.0,0.0,0.0,1,0,1,0,2019,2020,-5758.928571428572,6.410979906038588e-05,0.0008141097990603859,0.007564109799060385,6.410979906038588e-05,735.0,719.0,529.0,735.0
Croatia,Campylobacter,355254.11333333334,355254.11333333334,0.0,0.0,0.0,2,1,1,1,2021,2026,5211.827142857143,0.0025014224486323835,0.002851422448632384,0.006001422448632384,0.0025014224486323835,385.0,392.0,971.0,385.0
Croatia,Staphylococcus,314896.45,314896.45,0.0,0.0,0.0,3,0,2,1,2017,2024,-12820.931309523809,0.0001251965775772332,0.0008751965775772332,0.007625196577577233,0.0001251965775772332,657.0,659.0,471.0,657.0
Croatia,Fusarium,181167.12,181167.12,0.0,0.0,0.0,1,1,4,0,2023,2027,10783.75714285714,0.002547594256024058,0.002897594256024058,0.006047594256024059,0.002547594256024058,380.0,387.0,941.0,380.0
Croatia,Acinetobacter,176343.53999999998,176343.53999999998,0.0,0.0,0.0,3,1,2,1,2015,2027,747.430833333333,0.0023378409841932654,0.0026878409841932654,0.0058378409841932655,0.0023378409841932654,408.0,420.0,992.0,408.0
Croatia,Escherichia,116373.29333333332,116373.29333333332,0.0,0.0,0.0,3,1,1,2,2017,2027,2221.348095238095,0.002344520363014369,0.002694520363014369,0.005844520363014368,0.002344520363014369,403.0,416.0,988.0,403.0
Croatia,Streptococcus,76602.69,76602.69,0.0,0.0,0.0,1,0,2,0,2021,2025,911.9367857142856,4.9340392726281425e-05,0.0006493403927262815,0.0060493403927262815,4.9340392726281425e-05,774.0,1000.0,938.0,774.0
Croatia,Enterococcus,42036.39,42036.39,0.0,0.0,0.0,1,1,0,1,2024,2027,3503.0325,0.002341507023754213,0.002691507023754213,0.005841507023754213,0.002341507023754213,404.0,417.0,989.0,404.0
Croatia,Klebsiella,42036.39,42036.39,0.0,0.0,0.0,1,1,1,0,2024,2027,3503.0325,0.002341507023754213,0.002691507023754213,0.005841507023754213,0.002341507023754213,404.0,417.0,989.0,404.0
Croatia,Pseudomonas,42036.39,42036.39,0.0,0.0,0.0,1,1,1,0,2024,2027,3503.0325,0.002341507023754213,0.002691507023754213,0.005841507023754213,0.002341507023754213,404.0,417.0,989.0,404.0
Croatia,Salmonella,41269.68333333333,41269.68333333333,0.0,0.0,0.0,1,0,1,0,2022,2023,1473.9172619047615,4.693036529668514e-05,0.0006469303652966851,0.006046930365296686,4.693036529668514e-05,781.0,1003.0,942.0,781.0
Croatia,Bacillus,38301.345,38301.345,0.0,0.0,0.0,1,0,1,0,2021,2025,455.9683928571429,2.4670196363140713e-05,0.0006246701963631407,0.00602467019636314,2.4670196363140713e-05,869.0,1023.0,961.0,869.0
Cyprus,Campylobacter,30759.63666666667,30759.63666666667,0.0,0.0,0.0,1,0,0,1,2022,2023,1098.5584523809523,3.497872696285071e-05,0.0006349787269628507,0.006034978726962851,3.497872696285071e-05,807.0,1008.0,947.0,807.0
Cyprus,Escherichia,30759.63666666667,30759.63666666667,0.0,0.0,0.0,1,0,0,1,2022,2023,1098.5584523809523,3.497872696285071e-05,0.0006349787269628507,0.006034978726962851,3.497872696285071e-05,807.0,1008.0,947.0,807.0
Cyprus,Salmonella,30759.63666666667,30759.63666666667,0.0,0.0,0.0,1,0,1,0,2022,2023,1098.5584523809523,3.497872696285071e-05,0.0006349787269628507,0.006034978726962851,3.497872696285071e-05,807.0,1008.0,947.0,807.0
Czech Republic,Staphylococcus,7444752.45,7444752.449999998,0.0,0.0,0.0,20,2,17,5,2015,2027,13062.804999999991,0.007734899112475545,0.008084899112475546,0.011234899112475546,0.007734899112475545,173.0,172.0,178.0,173.0
Czech Republic,Bordetella,3724535.6,3724535.6,0.0,0.0,0.0,5,0,4,1,2016,2024,-89016.64285714286,0.0014808014195922714,0.0022308014195922717,0.00898080141959227,0.0014808014195922714,446.0,446.0,267.0,446.0
Czech Republic,Escherichia,2838617.412666667,2838617.412666667,0.0,0.0,0.0,9,3,7,2,2015,2027,112973.40277777777,0.010224824690299656,0.010574824690299656,0.013724824690299656,0.010224824690299656,150.0,150.0,147.0,150.0
Czech Republic,Enterobacteriaceae,1930314.346666667,1930314.346666667,0.0,0.0,0.0,6,0,0,6,2015,2023,-92014.7676190476,0.0007674546659732097,0.0015174546659732099,0.00826745466597321,0.0007674546659732097,490.0,480.0,315.0,490.0
Czech Republic,Salmonella,1805372.65,1805372.65,0.0,0.0,0.0,4,2,5,1,2015,2028,113375.30357142857,0.0075700975235931355,0.007920097523593135,0.011070097523593135,0.0075700975235931355,175.0,174.0,183.0,175.0
Czech Republic,Candida,1648261.85,1648261.85,0.0,0.0,0.0,6,2,11,2,2016,2029,-14917.405357142858,0.00515982069676745,0.00565982069676745,0.01015982069676745,0.00515982069676745,219.0,216.0,199.0,219.0
Czech Republic,Pseudomonas,1506528.566666667,1506528.5666666664,0.0,0.0,0.0,7,2,3,4,2015,2027,22758.39992063492,0.005574758710548397,0.005924758710548397,0.009074758710548397,0.005574758710548397,211.0,210.0,262.0,211.0
Czech Republic,Streptococcus,1490446.63,1490446.63,0.0,0.0,0.0,7,1,6,2,2016,2028,-16561.84107142857,0.002844824245799721,0.0033448242457997206,0.007844824245799721,0.002844824245799721,336.0,330.0,379.0,336.0
Czech Republic,Haemophilus,1133121.4666666666,1133121.4666666666,0.0,0.0,0.0,2,0,1,1,2020,2024,-2355.4984126984104,0.0004505066017923084,0.0012005066017923083,0.007950506601792308,0.0004505066017923084,538.0,527.0,361.0,538.0
Czech Republic,Aspergillus,1079742.32,1079742.32,0.0,0.0,0.0,3,2,3,1,2021,2027,36392.19238095238,0.005687409983165299,0.0060374099831653,0.0091874099831653,0.005687409983165299,208.0,209.0,253.0,208.0
Czech Republic,Clostridioides,1053734.423333333,1053734.423333333,0.0,0.0,0.0,5,1,1,4,2017,2028,-14836.449682539684,0.0026711961415106186,0.0031711961415106186,0.007671196141510617,0.0026711961415106186,362.0,349.0,445.0,362.0
Czech Republic,Klebsiella,1027093.9666666668,1027093.9666666666,0.0,0.0,0.0,4,0,2,2,2019,2025,-7826.804365079365,0.0004083521725217654,0.0011583521725217654,0.007908352172521765,0.0004083521725217654,548.0,535.0,367.0,548.0
Czech Republic,Enterococcus,787443.2933333333,787443.2933333333,0.0,0.0,0.0,4,1,3,1,2018,2028,-26285.77083333333,0.002565324074311468,0.003065324074311468,0.0075653240743114684,0.002565324074311468,376.0,362.0,525.0,376.0
Czech Republic,Bacillus,681877.172,681877.172,0.0,0.0,0.0,3,1,3,1,2015,2026,46367.42857142857,0.0034835448841088524,0.003833544884108852,0.0069835448841088525,0.0034835448841088524,289.0,292.0,809.0,289.0
Czech Republic,Acinetobacter,676608.8,676608.8,0.0,0.0,0.0,3,1,3,1,2019,2027,28021.947619047627,0.003101546092724242,0.003451546092724242,0.006601546092724242,0.003101546092724242,309.0,310.0,832.0,309.0
Czech Republic,Trichophyton,648327.92,648327.92,0.0,0.0,0.0,2,0,0,2,2017,2024,-36325.92857142857,0.0002577623111717081,0.0010077623111717081,0.007757762311171708,0.0002577623111717081,586.0,574.0,408.0,586.0
Czech Republic,Ascomycota,465636.99,465636.99,0.0,0.0,0.0,1,1,0,1,2025,2027,0.0,0.002437380276214937,0.002937380276214937,0.007437380276214937,0.002437380276214937,394.0,381.0,779.0,394.0
Czech Republic,Coronaviridae,341439.34,341439.34,0.0,0.0,0.0,1,0,0,1,2022,2025,12194.262142857144,0.0003882722535919406,0.0009882722535919405,0.006388272253591941,0.0003882722535919406,553.0,599.0,860.0,553.0
Czech Republic,Clostridium,227463.52,227463.52,0.0,0.0,0.0,1,0,2,0,2017,2020,-18955.29333333333,9.043498022181746e-05,0.0008404349802218175,0.007590434980221817,9.043498022181746e-05,694.0,688.0,496.0,694.0
Czech Republic,Coccidioides,211860.0,211860.0,0.0,0.0,0.0,1,1,1,0,2024,2028,17655.0,0.002702089069600396,0.003052089069600396,0.006202089069600396,0.002702089069600396,357.0,364.0,887.0,357.0
Czech Republic,Campylobacter,198420.0,198420.0,0.0,0.0,0.0,1,0,0,1,2022,2025,7086.428571428572,0.00022563592279001255,0.0008256359227900125,0.006225635922790013,0.00022563592279001255,600.0,701.0,883.0,600.0
Czech Republic,Cryptococcus,187200.0,187200.0,0.0,0.0,0.0,1,0,0,1,2017,2019,-15600.0,7.442700393242937e-05,0.0008244270039324293,0.007574427003932429,7.442700393242937e-05,716.0,703.0,512.0,716.0
Czech Republic,Mucor,170970.0,170970.0,0.0,0.0,0.0,1,1,0,1,2025,2027,0.0,0.0023202265303629756,0.0028202265303629757,0.007320226530362975,0.0023202265303629756,413.0,398.0,787.0,413.0
Czech Republic,Burkholderia,100407.26,100407.26,0.0,0.0,0.0,1,0,1,0,2015,2018,0.0,3.991993341273749e-05,0.0007899199334127374,0.007539919933412737,3.991993341273749e-05,793.0,770.0,579.0,793.0
Czech Republic,Fusarium,91800.0,91800.0,0.0,0.0,0.0,1,0,0,1,2018,2021,-5464.285714285715,3.649785769763364e-05,0.0007864978576976336,0.007536497857697633,3.649785769763364e-05,804.0,778.0,587.0,804.0
Czech Republic,Shigella,76946.66,76946.66,0.0,0.0,0.0,1,0,0,1,2016,2018,0.0,3.059246456414159e-05,0.0007805924645641416,0.0075305924645641415,3.059246456414159e-05,844.0,807.0,614.0,844.0
Czech Republic,Francisella,6042.586,6042.586,0.0,0.0,0.0,1,0,1,0,2015,2019,0.0,2.402412243504502e-06,0.0007524024122435044,0.007502402412243505,2.402412243504502e-06,992.0,948.0,755.0,992.0
Czech Republic,Yersinia,6042.586,6042.586,0.0,0.0,0.0,1,0,1,0,2015,2019,0.0,2.402412243504502e-06,0.0007524024122435044,0.007502402412243505,2.402412243504502e-06,992.0,948.0,755.0,992.0
Denmark,Streptococcus,112535722.711,293722.761,112241999.95,0.0,0.0,5,3,6,1,2017,2031,7243463.499940477,0.40137239160494986,0.40147239160494985,0.40237239160494986,0.40137239160494986,3.0,3.0,3.0,3.0
Denmark,Escherichia,36589362.42,21898828.465,460723.995,14229809.96,0.0,6,2,3,3,2012,2027,1978065.8792857144,0.07448488481777356,0.07448488481777356,0.07448488481777356,0.07448488481777356,28.0,28.0,31.0,28.0
Denmark,Pseudomonas,9454084.97,1457654.48,7996430.49,0.0,0.0,8,1,5,3,2015,2027,-26079.647619047613,0.020250561455306303,0.020500561455306304,0.022750561455306306,0.020250561455306303,88.0,87.0,90.0,88.0
Denmark,Staphylococcus,4943424.428,989325.388,3954099.04,0.0,0.0,8,4,9,0,2017,2027,135428.55904761906,0.02082013202973531,0.02092013202973531,0.021820132029735307,0.02082013202973531,84.0,84.0,96.0,84.0
Denmark,Cryptococcus,2219283.79,0.0,2219283.79,0.0,0.0,1,1,1,0,2022,2026,79260.13535714286,0.008727904495595866,0.009077904495595868,0.012227904495595868,0.008727904495595866,159.0,159.0,161.0,159.0
Denmark,Clostridioides,1429217.75,0.0,1429217.75,0.0,0.0,1,1,0,1,2023,2027,85072.48511904762,0.007127252833293095,0.0074772528332930945,0.010627252833293094,0.007127252833293095,183.0,185.0,191.0,183.0
Denmark,Klebsiella,460723.995,0.0,460723.995,0.0,0.0,1,0,0,1,2020,2023,-5484.809464285715,0.001003603731169798,0.001753603731169798,0.008503603731169799,0.001003603731169798,467.0,458.0,291.0,467.0
Denmark,Enterobacteriaceae,318494.71,318494.71,0.0,0.0,0.0,2,0,0,2,2018,2025,-3208.760357142857,0.00012662717432493565,0.0008766271743249356,0.007626627174324935,0.00012662717432493565,654.0,657.0,469.0,654.0
Denmark,Enterococcus,283082.756,143082.776,139999.98,0.0,0.0,3,2,4,1,2022,2026,13516.83119047619,0.005146266901910853,0.005246266901910854,0.006146266901910853,0.005146266901910853,220.0,234.0,901.0,220.0
Denmark,Acinetobacter,229119.63,229119.63,0.0,0.0,0.0,1,0,1,0,2023,2025,13638.073214285716,0.0003735150761774809,0.000973515076177481,0.006373515076177482,0.0003735150761774809,558.0,609.0,862.0,558.0
Denmark,Listeria,220014.07,220014.07,0.0,0.0,0.0,1,0,1,0,2019,2021,-7857.645357142856,8.74732267792724e-05,0.0008374732267792724,0.0075874732267792715,8.74732267792724e-05,701.0,693.0,501.0,701.0
Denmark,Aspergillus,140965.3,0.0,140965.3,0.0,0.0,1,0,0,1,2023,2024,8390.791666666666,0.00048082660560757565,0.0010808266056075758,0.006480826605607576,0.00048082660560757565,531.0,546.0,849.0,531.0
Denmark,Campylobacter,79268.875,79268.875,0.0,0.0,0.0,1,0,1,0,2016,2018,0.0,3.151573115034323e-05,0.0007815157311503432,0.0075315157311503424,3.151573115034323e-05,836.0,800.0,607.0,836.0
Denmark,Salmonella,79268.875,79268.875,0.0,0.0,0.0,1,0,1,0,2016,2018,0.0,3.151573115034323e-05,0.0007815157311503432,0.0075315157311503424,3.151573115034323e-05,836.0,800.0,607.0,836.0
Egypt,Staphylococcus,67344.44,67344.44,0.0,0.0,0.0,1,0,1,0,2015,2018,0.0,2.677481250377807e-05,0.0007767748125037781,0.007526774812503778,2.677481250377807e-05,859.0,821.0,628.0,859.0
Egypt,Escherichia,29386.665,29386.665,0.0,0.0,0.0,1,0,0,1,2015,2018,0.0,1.1683554655534107e-05,0.000761683554655534,0.007511683554655533,1.1683554655534107e-05,940.0,894.0,703.0,940.0
Egypt,Streptococcus,6190.333333333333,0.0,6190.333333333333,0.0,0.0,2,0,2,0,2017,2018,-476.9722222222222,1.3484519360703375e-05,0.0007634845193607034,0.007513484519360703,1.3484519360703375e-05,927.0,881.0,690.0,927.0
Egypt,Campylobacter,3266.6666666666665,0.0,3266.6666666666665,0.0,0.0,1,0,2,0,2018,2018,-194.44444444444443,7.115841351294657e-06,0.0007571158413512947,0.007507115841351294,7.115841351294657e-06,968.0,923.0,731.0,968.0
Estonia,Escherichia,76568.98166666667,76568.98166666667,0.0,0.0,0.0,2,0,1,1,2021,2023,1322.9399404761907,5.7838178077860886e-05,0.0006578381780778608,0.006057838178077862,5.7838178077860886e-05,753.0,997.0,934.0,753.0
Estonia,Salmonella,76568.98166666667,76568.98166666667,0.0,0.0,0.0,2,0,1,1,2021,2023,1322.9399404761907,5.7838178077860886e-05,0.0006578381780778608,0.006057838178077862,5.7838178077860886e-05,753.0,997.0,934.0,753.0
Estonia,Candida,29832.0,29832.0,0.0,0.0,0.0,1,0,0,1,2015,2018,0.0,1.1860611011283297e-05,0.0007618606110112833,0.007511860611011284,1.1860611011283297e-05,938.0,892.0,701.0,938.0
Estonia,Acinetobacter,26825.0,26825.0,0.0,0.0,0.0,1,1,0,1,2024,2026,2235.4166666666665,0.0023092090757458987,0.0026592090757458988,0.005809209075745898,0.0023092090757458987,415.0,424.0,997.0,415.0
Estonia,Enterobacter,26825.0,26825.0,0.0,0.0,0.0,1,1,0,1,2024,2026,2235.4166666666665,0.0023092090757458987,0.0026592090757458988,0.005809209075745898,0.0023092090757458987,415.0,424.0,997.0,415.0
Estonia,Enterococcus,26825.0,26825.0,0.0,0.0,0.0,1,1,0,1,2024,2026,2235.4166666666665,0.0023092090757458987,0.0026592090757458988,0.005809209075745898,0.0023092090757458987,415.0,424.0,997.0,415.0
Estonia,Klebsiella,26825.0,26825.0,0.0,0.0,0.0,1,1,0,1,2024,2026,2235.4166666666665,0.0023092090757458987,0.0026592090757458988,0.005809209075745898,0.0023092090757458987,415.0,424.0,997.0,415.0
Estonia,Pseudomonas,26825.0,26825.0,0.0,0.0,0.0,1,1,0,1,2024,2026,2235.4166666666665,0.0023092090757458987,0.0026592090757458988,0.005809209075745898,0.0023092090757458987,415.0,424.0,997.0,415.0
Estonia,Staphylococcus,26825.0,26825.0,0.0,0.0,0.0,1,1,0,1,2024,2026,2235.4166666666665,0.0023092090757458987,0.0026592090757458988,0.005809209075745898,0.0023092090757458987,415.0,424.0,997.0,415.0
Estonia,Campylobacter,17278.986666666668,17278.986666666668,0.0,0.0,0.0,1,0,0,1,2022,2023,617.1066666666667,1.964902782688064e-05,0.0006196490278268806,0.006019649027826881,1.964902782688064e-05,893.0,1024.0,962.0,893.0
Ethiopia,Streptococcus,31750.0,31750.0,0.0,0.0,0.0,1,0,0,1,2015,2017,0.0,1.262316973747133e-05,0.0007626231697374713,0.007512623169737472,1.262316973747133e-05,931.0,885.0,694.0,931.0
European Union,Cryptococcus,1256093.4,1256093.4,0.0,0.0,0.0,1,0,0,1,2016,2020,0.0,0.0004993978013958257,0.0012493978013958257,0.007999397801395825,0.0004993978013958257,528.0,520.0,352.0,528.0
Finland,Escherichia,2886946.198333333,2886946.198333333,0.0,0.0,0.0,6,1,0,6,2015,2029,160375.21857142853,0.006721146982985022,0.007071146982985022,0.010221146982985022,0.006721146982985022,195.0,192.0,198.0,195.0
Finland,Clostridium,2697018.87,2697018.87,0.0,0.0,0.0,5,0,5,0,2012,2021,-175500.0,0.0010722811647613582,0.0018222811647613582,0.008572281164761358,0.0010722811647613582,464.0,456.0,289.0,464.0
Finland,Pseudomonas,1927485.8340000005,1927485.8340000005,0.0,0.0,0.0,3,2,3,0,2020,2029,-1101.190476190476,0.005270834609989654,0.005770834609989654,0.010270834609989654,0.005270834609989654,216.0,213.0,197.0,216.0
Finland,Staphylococcus,1807129.6440000003,1807129.6440000003,0.0,0.0,0.0,3,1,2,1,2019,2029,-24434.399285714288,0.0029707311257586503,0.0034707311257586504,0.00797073112575865,0.0029707311257586503,327.0,309.0,356.0,327.0
Finland,Acinetobacter,1215466.4640000002,1215466.4640000002,0.0,0.0,0.0,2,1,2,0,2020,2029,-1101.190476190476,0.002735497590371184,0.003235497590371184,0.007735497590371183,0.002735497590371184,352.0,342.0,417.0,352.0
Finland,Klebsiella,1215466.4640000002,1215466.4640000002,0.0,0.0,0.0,2,1,1,1,2020,2029,-1101.190476190476,0.002735497590371184,0.003235497590371184,0.007735497590371183,0.002735497590371184,352.0,342.0,417.0,352.0
Finland,Enterococcus,1122966.4640000002,1122966.4640000002,0.0,0.0,0.0,1,1,0,1,2026,2029,0.0,0.0026987214265691024,0.0031987214265691024,0.007698721426569102,0.0026987214265691024,359.0,347.0,433.0,359.0
Finland,Candida,852199.8400000001,852199.8400000001,0.0,0.0,0.0,1,1,3,0,2024,2028,71016.65333333335,0.004061705965884829,0.00441170596588483,0.007561705965884829,0.004061705965884829,261.0,260.0,539.0,261.0
Finland,Listeria,473852.1,473852.1,0.0,0.0,0.0,1,0,1,0,2017,2019,-39487.675,0.0001883941886222752,0.0009383941886222752,0.007688394188622275,0.0001883941886222752,621.0,629.0,441.0,621.0
Finland,Aspergillus,357499.98,0.0,357499.98,0.0,0.0,1,0,1,0,2023,2025,21279.760714285712,0.0012194171323593548,0.0018194171323593549,0.007219417132359356,0.0012194171323593548,455.0,457.0,795.0,455.0
Finland,Clostridioides,173156.15,173156.15,0.0,0.0,0.0,3,0,0,3,2012,2018,0.0,6.884344795392271e-05,0.0008188434479539227,0.007568843447953923,6.884344795392271e-05,727.0,712.0,521.0,727.0
Finland,Campylobacter,13387.793333333331,13387.793333333331,0.0,0.0,0.0,1,0,0,1,2022,2023,478.13547619047614,1.5224105951459752e-05,0.0006152241059514597,0.00601522410595146,1.5224105951459752e-05,912.0,1026.0,964.0,912.0
Finland,Salmonella,13387.793333333331,13387.793333333331,0.0,0.0,0.0,1,0,1,0,2022,2023,478.13547619047614,1.5224105951459752e-05,0.0006152241059514597,0.00601522410595146,1.5224105951459752e-05,912.0,1026.0,964.0,912.0
France,Escherichia,30713433.41875,28654576.04875,124778.99,1934078.38,0.0,58,10,45,15,2013,2028,-181965.3064384921,0.03681108768112985,0.03696108768112985,0.038311087681129855,0.03681108768112985,51.0,53.0,55.0,51.0
France,Pseudomonas,22344686.27358333,14247947.443583336,936187.85,7160550.98,0.0,51,16,37,15,2013,2028,-497619.4441567461,0.053455890227348174,0.05360589022734817,0.054955890227348175,0.053455890227348174,37.0,37.0,39.0,37.0
France,Staphylococcus,19211953.173416667,19211953.173416663,0.0,0.0,0.0,58,18,44,16,2013,2028,43727.50015873018,0.049084355057042645,0.04943435505704264,0.05258435505704264,0.049084355057042645,41.0,41.0,40.0,41.0
France,Shigella,10952572.84375,3138712.743750001,7813860.1,0.0,0.0,14,2,14,5,2014,2027,-417761.7239880953,0.02277347259350077,0.02302347259350077,0.02527347259350077,0.02277347259350077,80.0,80.0,83.0,80.0
France,Enterobacteriaceae,9074450.133333337,2585460.163333333,124778.99,6364210.98,0.0,13,4,0,13,2013,2027,-56111.9618452381,0.018944063791971714,0.019094063791971715,0.020444063791971716,0.018944063791971714,94.0,94.0,103.0,94.0
France,Streptococcus,7326984.017333333,6698683.807333333,628300.21,0.0,0.0,25,6,21,8,2013,2028,-29167.653174603176,0.017545415368709696,0.017795415368709697,0.0200454153687097,0.017545415368709696,96.0,99.0,109.0,96.0
France,Neisseria,6644860.50125,4710782.12125,0.0,1934078.38,0.0,10,1,9,1,2013,2028,89862.86824404763,0.008610341358228408,0.008860341358228406,0.011110341358228406,0.008610341358228408,161.0,165.0,180.0,161.0
France,Salmonella,5345135.46875,3821955.488750001,1523179.98,0.0,0.0,17,0,12,10,2011,2024,-107463.31297619049,0.00483750519078794,0.00533750519078794,0.009837505190787939,0.00483750519078794,233.0,228.0,228.0,233.0
France,Listeria,4515091.023333333,4515091.023333333,0.0,0.0,0.0,5,0,5,0,2014,2021,-49196.2126984127,0.0017951105627612531,0.002545110562761253,0.009295110562761253,0.0017951105627612531,439.0,437.0,250.0,439.0
France,Klebsiella,4429234.697333333,4429234.697333333,0.0,0.0,0.0,18,8,12,6,2017,2028,38040.03303571428,0.020566739196515187,0.020916739196515186,0.024066739196515186,0.020566739196515187,86.0,85.0,86.0,86.0
France,Candida,4066625.576666666,4066625.576666666,0.0,0.0,0.0,13,2,9,6,2013,2028,1615.0715079365098,0.006154759534577234,0.006504759534577234,0.009654759534577234,0.006154759534577234,202.0,202.0,238.0,202.0
France,Aspergillus,3984538.925,3984538.9250000007,0.0,0.0,0.0,12,6,13,2,2014,2028,116774.38017857142,0.017515888970198876,0.017865888970198876,0.021015888970198873,0.017515888970198876,97.0,98.0,99.0,97.0
France,Clostridioides,2760418.870166667,2760418.870166667,0.0,0.0,0.0,11,3,4,7,2013,2028,70948.20678571425,0.009323463063743242,0.009673463063743242,0.012823463063743242,0.009323463063743242,154.0,155.0,158.0,154.0
France,Helicobacter,2430245.7560833334,2430245.7560833334,0.0,0.0,0.0,9,3,8,1,2014,2029,4559.2381349206335,0.007817388414471747,0.008167388414471746,0.011317388414471746,0.007817388414471747,171.0,171.0,177.0,171.0
France,Enterococcus,2395946.098333333,2395946.098333333,0.0,0.0,0.0,14,8,11,7,2014,2028,55237.2260515873,0.020114469082820947,0.020464469082820947,0.02361446908282095,0.020114469082820947,89.0,88.0,87.0,89.0
France,Acinetobacter,2296544.174,2296544.174,0.0,0.0,0.0,17,7,10,7,2013,2028,6456.534206349206,0.016812530153168345,0.017162530153168345,0.020312530153168345,0.016812530153168345,106.0,105.0,105.0,106.0
France,Clostridium,1235703.9885,1235703.9885,0.0,0.0,0.0,8,1,10,0,2013,2028,-4114.032142857144,0.002743543628381569,0.003243543628381569,0.007743543628381569,0.002743543628381569,351.0,340.0,414.0,351.0
France,Campylobacter,1028711.4976190476,1028711.4976190476,0.0,0.0,0.0,4,1,12,1,2014,2026,19597.721955782312,0.003067083528549622,0.003417083528549622,0.006567083528549622,0.003067083528549622,313.0,313.0,836.0,313.0
France,Cryptococcus,842027.8133333334,842027.8133333332,0.0,0.0,0.0,4,0,4,0,2014,2025,9244.008253968252,0.000526201475635665,0.001126201475635665,0.006526201475635665,0.000526201475635665,526.0,542.0,842.0,526.0
France,Eimeria,715205.91,715205.91,0.0,0.0,0.0,1,1,0,1,2022,2026,25543.068214285715,0.0030655580958553197,0.0034155580958553197,0.006565558095855319,0.0030655580958553197,315.0,315.0,838.0,315.0
France,Chlamydia,646548.0,646548.0,0.0,0.0,0.0,1,1,0,1,2021,2026,7697.0,0.002668698884040141,0.0030186988840401412,0.006168698884040141,0.002668698884040141,363.0,370.0,895.0,363.0
France,Theileria,646548.0,646548.0,0.0,0.0,0.0,1,1,0,1,2021,2026,7697.0,0.002668698884040141,0.0030186988840401412,0.006168698884040141,0.002668698884040141,363.0,370.0,895.0,363.0
France,Enterobacter,637585.5256666667,637585.5256666667,0.0,0.0,0.0,5,5,1,4,2022,2028,32837.26146825397,0.012194757309138826,0.012544757309138826,0.015694757309138826,0.012194757309138826,131.0,131.0,134.0,131.0
France,Bacillus,492875.2532142857,492875.2532142857,0.0,0.0,0.0,4,0,4,0,2016,2025,-3111.985705782313,0.00019595741671568786,0.0009459574167156879,0.007695957416715688,0.00019595741671568786,615.0,623.0,435.0,615.0
France,Vibrio,445872.8975,445872.8975,0.0,0.0,0.0,3,1,2,1,2021,2026,17722.190684523808,0.0027965193588724837,0.0031465193588724838,0.006296519358872483,0.0027965193588724837,341.0,353.0,870.0,341.0
France,Mycoplasma,352692.32,352692.32,0.0,0.0,0.0,1,1,3,0,2023,2027,20993.59047619048,0.0028272178227361625,0.0031772178227361626,0.006327217822736163,0.0028272178227361625,338.0,348.0,867.0,338.0
France,Legionella,321011.69,321011.69,0.0,0.0,0.0,1,1,1,0,2022,2026,11464.703214285712,0.002617294933935205,0.0029672949339352044,0.006117294933935205,0.002617294933935205,369.0,373.0,909.0,369.0
France,Yersinia,237563.6225,237563.6225,0.0,0.0,0.0,2,0,2,0,2017,2025,-2161.24306547619,9.445058048082087e-05,0.0008444505804808208,0.0075944505804808205,9.445058048082087e-05,688.0,683.0,491.0,688.0
France,Burkholderia,227186.65,227186.65,0.0,0.0,0.0,2,0,2,0,2017,2025,-2284.7784523809523,9.032490220590521e-05,0.0008403249022059052,0.0075903249022059045,9.032490220590521e-05,695.0,689.0,497.0,695.0
France,Mucor,199023.685,199023.685,0.0,0.0,0.0,1,1,1,0,2024,2028,16585.307083333333,0.002674834056449834,0.0030248340564498336,0.006174834056449834,0.002674834056449834,361.0,368.0,894.0,361.0
France,Francisella,149909.6175,149909.6175,0.0,0.0,0.0,1,0,1,0,2018,2022,-8923.191517857143,5.960108809391818e-05,0.0008096010880939181,0.0075596010880939184,5.960108809391818e-05,749.0,733.0,543.0,749.0
France,Pneumocystis,114713.77,114713.77,0.0,0.0,0.0,1,1,2,0,2024,2027,9559.480833333337,0.002495821010879681,0.002845821010879681,0.005995821010879681,0.002495821010879681,386.0,393.0,972.0,386.0
France,Orthomyxoviridae,114265.10333333332,114265.10333333332,0.0,0.0,0.0,1,0,0,1,2021,2024,1360.2988492063491,7.359904819759977e-05,0.0006735990481975998,0.006073599048197599,7.359904819759977e-05,717.0,991.0,926.0,717.0
France,Brucella,97611.38,97611.38,0.0,0.0,0.0,1,0,0,1,2015,2018,0.0,3.88083470251595e-05,0.0007888083470251595,0.00753880834702516,3.88083470251595e-05,795.0,772.0,581.0,795.0
France,Coxiella,34039.99,34039.99,0.0,0.0,0.0,1,0,2,0,2014,2017,0.0,1.3533624303364617e-05,0.0007635336243033646,0.007513533624303365,1.3533624303364617e-05,925.0,879.0,688.0,925.0
Gambia,Streptococcus,7816008.590833333,7510084.250833333,305924.34,0.0,0.0,8,0,3,6,2011,2022,-453802.4653571428,0.0036522611524283707,0.00415226115242837,0.00865226115242837,0.0036522611524283707,274.0,269.0,284.0,274.0
Gambia,Haemophilus,1440537.7475,1440537.7475,0.0,0.0,0.0,2,0,1,1,2011,2018,0.0,0.0005727292125961296,0.0013227292125961296,0.008072729212596129,0.0005727292125961296,519.0,513.0,343.0,519.0
Gambia,Staphylococcus,519460.40083333326,519460.40083333326,0.0,0.0,0.0,2,0,0,2,2011,2018,0.0,0.00020652714367288373,0.0009565271436728837,0.007706527143672884,0.00020652714367288373,606.0,617.0,429.0,606.0
Georgia,Escherichia,48795.675,48795.675,0.0,0.0,0.0,2,0,1,1,2014,2019,-832.5892857142857,1.9400191747385396e-05,0.0007694001917473853,0.007519400191747386,1.9400191747385396e-05,896.0,855.0,664.0,896.0
Georgia,Klebsiella,25483.175,25483.175,0.0,0.0,0.0,1,0,1,0,2014,2017,0.0,1.0131604518887746e-05,0.0007601316045188877,0.007510131604518888,1.0131604518887746e-05,952.0,907.0,715.0,952.0
Georgia,Enterococcus,23312.5,23312.5,0.0,0.0,0.0,1,0,0,1,2019,2019,-832.5892857142857,9.268587228497648e-06,0.0007592685872284976,0.007509268587228498,9.268587228497648e-06,959.0,914.0,722.0,959.0
Georgia,Staphylococcus,23312.5,23312.5,0.0,0.0,0.0,1,0,0,1,2019,2019,-832.5892857142857,9.268587228497648e-06,0.0007592685872284976,0.007509268587228498,9.268587228497648e-06,959.0,914.0,722.0,959.0
Georgia,Streptococcus,23312.5,23312.5,0.0,0.0,0.0,1,0,1,0,2019,2019,-832.5892857142857,9.268587228497648e-06,0.0007592685872284976,0.007509268587228498,9.268587228497648e-06,959.0,914.0,722.0,959.0
Germany,Staphylococcus,42731047.46666667,37224059.50666668,0.0,5506987.96,0.0,79,14,68,20,2014,2030,-290329.4155952381,0.05380326907668349,0.054203269076683484,0.05780326907668349,0.05380326907668349,36.0,36.0,36.0,36.0
Germany,Pseudomonas,22600842.085,20474663.105,0.0,2126178.98,0.0,48,10,36,12,2015,2030,-477054.5586507936,0.033547761133134915,0.03394776113313491,0.03754776113313492,0.033547761133134915,56.0,55.0,56.0,56.0
Germany,Escherichia,18231418.60183333,18231418.601833336,0.0,0.0,0.0,38,9,21,17,2014,2031,-182356.99201785715,0.027518720398328048,0.02801872039832805,0.032518720398328045,0.027518720398328048,68.0,68.0,67.0,68.0
Germany,Shigella,15691019.0315,15691019.031499997,0.0,0.0,0.0,5,0,7,4,2017,2025,-634612.1371488096,0.006238437687827321,0.006988437687827321,0.013738437687827322,0.006238437687827321,201.0,195.0,146.0,201.0
Germany,Helicobacter,15372002.88,15372002.88,0.0,0.0,0.0,10,4,7,3,2018,2030,548749.8144047619,0.02648430198974283,0.02683430198974283,0.02998430198974283,0.02648430198974283,71.0,70.0,72.0,71.0
Germany,Klebsiella,10020808.268666666,9607808.268666666,0.0,413000.0,0.0,29,11,25,8,2015,2030,-45020.02300396826,0.029155030204583265,0.029555030204583266,0.03315503020458327,0.029155030204583265,67.0,66.0,64.0,67.0
Germany,Candida,8895359.372499999,8895359.3725,0.0,0.0,0.0,8,1,12,1,2015,2028,-6256.268482142856,0.005788870558862456,0.006288870558862456,0.010788870558862455,0.005788870558862456,206.0,205.0,189.0,206.0
Germany,Aspergillus,8595035.9925,8595035.992499998,0.0,0.0,0.0,24,1,25,1,2013,2027,-63209.79860119048,0.005669467944630293,0.006169467944630294,0.010669467944630294,0.005669467944630293,209.0,207.0,190.0,209.0
Germany,Enterococcus,7416469.796666667,7416469.796666667,0.0,0.0,0.0,25,6,18,8,2015,2031,10798.633769841268,0.016685776305100358,0.017035776305100357,0.020185776305100357,0.016685776305100358,108.0,107.0,108.0,108.0
Germany,Enterobacteriaceae,7172043.881666666,7172043.881666667,0.0,0.0,0.0,19,2,0,19,2014,2029,49516.344484127,0.00838136736093312,0.008731367360933119,0.011881367360933119,0.00838136736093312,166.0,167.0,167.0,166.0
Germany,Acinetobacter,7015818.663333333,6591448.663333333,11370.0,413000.0,0.0,29,5,15,16,2015,2030,-157682.92859126985,0.014467039473645261,0.014617039473645262,0.01596703947364526,0.014467039473645261,116.0,118.0,130.0,116.0
Germany,Campylobacter,6650887.0715,6650887.071500001,0.0,0.0,0.0,23,0,22,10,2015,2024,-255745.4837559524,0.002644260674277106,0.003394260674277106,0.010144260674277105,0.002644260674277106,368.0,321.0,200.0,368.0
Germany,Salmonella,6401895.752,6401895.752,0.0,0.0,0.0,14,3,4,10,2014,2028,-188791.43096031743,0.009302023425074636,0.009802023425074637,0.014302023425074636,0.009302023425074636,155.0,153.0,143.0,155.0
Germany,Clostridioides,6361761.3415,6361761.341500001,0.0,0.0,0.0,21,4,4,17,2016,2028,114408.33539087304,0.013907524083113276,0.014257524083113276,0.017407524083113277,0.013907524083113276,121.0,121.0,123.0,121.0
Germany,Chlamydia,4782668.575,4782668.574999999,0.0,0.0,0.0,5,3,7,2,2015,2028,-97563.5214285714,0.008658250842435343,0.009158250842435343,0.013658250842435342,0.008658250842435343,160.0,158.0,148.0,160.0
Germany,Streptococcus,4145415.0216666665,4145415.0216666665,0.0,0.0,0.0,21,0,23,7,2014,2025,-134514.99452380952,0.0016481347228586368,0.0023981347228586363,0.009148134722858636,0.0016481347228586368,440.0,439.0,254.0,440.0
Germany,Neisseria,2044766.675,2044766.675,0.0,0.0,0.0,5,0,2,3,2015,2021,-26930.459999999995,0.0008129586397496023,0.0015629586397496024,0.008312958639749603,0.0008129586397496023,485.0,473.0,310.0,485.0
Germany,Vibrio,1800599.25,1800599.25,0.0,0.0,0.0,1,0,1,0,2018,2022,-107178.52678571428,0.0007158825184854668,0.0014658825184854667,0.008215882518485467,0.0007158825184854668,498.0,488.0,322.0,498.0
Germany,Clostridium,1708404.1956666666,1708404.1956666666,0.0,0.0,0.0,14,0,14,0,2016,2021,-79340.10178174602,0.0006792275950270397,0.0014292275950270397,0.008179227595027039,0.0006792275950270397,506.0,497.0,328.0,506.0
Germany,Brucella,808303.0800000001,808303.0800000001,0.0,0.0,0.0,4,0,0,4,2017,2021,-57746.27285714286,0.000321365259154673,0.001071365259154673,0.007821365259154674,0.000321365259154673,563.0,549.0,383.0,563.0
Germany,Pneumocystis,662552.65,662552.65,0.0,0.0,0.0,3,0,3,0,2018,2021,-39437.65773809524,0.0002634177814476042,0.0010134177814476043,0.007763417781447604,0.0002634177814476042,585.0,573.0,405.0,585.0
Germany,Enterobacter,589057.4053333334,589057.4053333333,0.0,0.0,0.0,8,2,1,7,2015,2030,-8002.162626984127,0.004738702035611185,0.0052387020356111855,0.009738702035611184,0.004738702035611185,239.0,235.0,233.0,239.0
Germany,Haemophilus,572866.2999999999,572866.2999999999,0.0,0.0,0.0,1,0,1,0,2019,2023,-20459.51071428571,0.00022776026903235182,0.0009777602690323518,0.007727760269032352,0.00022776026903235182,599.0,603.0,422.0,599.0
Germany,Actinobacillus,233791.33,233791.33,0.0,0.0,0.0,3,0,0,3,2015,2019,0.0,9.295079186580071e-05,0.0008429507918658007,0.0075929507918658014,9.295079186580071e-05,691.0,686.0,494.0,691.0
Germany,Proteus,202099.282,202099.282,0.0,0.0,0.0,2,0,1,1,2017,2024,1276.3874523809527,0.00010678250953804932,0.0007067825095380493,0.00610678250953805,0.00010678250953804932,673.0,981.0,916.0,673.0
Germany,Stenotrophomonas,201854.43,201854.43,0.0,0.0,0.0,1,0,1,0,2019,2022,-7209.086785714286,8.025331439844172e-05,0.0008302533143984417,0.007580253314398442,8.025331439844172e-05,706.0,697.0,505.0,706.0
Germany,Cryptococcus,200827.26,200827.26,0.0,0.0,0.0,1,0,1,0,2016,2019,0.0,7.984493199657595e-05,0.000829844931996576,0.007579844931996576,7.984493199657595e-05,707.0,698.0,506.0,707.0
Germany,Trichophyton,170117.63,170117.63,0.0,0.0,0.0,1,0,0,1,2018,2020,-10126.049404761909,6.763539271894e-05,0.00081763539271894,0.00756763539271894,6.763539271894e-05,729.0,714.0,523.0,729.0
Germany,Listeria,136024.22,136024.22,0.0,0.0,0.0,1,0,1,0,2014,2018,0.0,5.408052968400448e-05,0.0008040805296840044,0.0075540805296840045,5.408052968400448e-05,760.0,740.0,551.0,760.0
Ghana,Klebsiella,1179680.71,0.0,1179680.71,0.0,0.0,1,1,0,1,2026,2029,0.0,0.0048219728984387755,0.005321972898438775,0.009821972898438775,0.0048219728984387755,235.0,230.0,230.0,235.0
Ghana,Streptococcus,609261.98,489261.98,120000.0,0.0,0.0,2,1,0,2,2021,2027,18902.21357142857,0.003099604548543111,0.003199604548543111,0.004099604548543111,0.003099604548543111,310.0,346.0,1027.0,310.0
Global Partnership,Neisseria,56731109.39,6384623.28,401538.0,49944948.11,0.0,3,0,0,3,2017,2025,-4508654.609166668,0.07118118661920968,0.07158118661920967,0.07518118661920968,0.07118118661920968,31.0,31.0,30.0,31.0
Global Partnership,Klebsiella,20556511.166666668,20500000.0,0.0,56511.16666666666,0.0,2,0,1,1,2018,2025,1216874.3353174604,0.03342650042661901,0.03392650042661901,0.038426500426619006,0.03342650042661901,57.0,56.0,53.0,57.0
Global Partnership,Pseudomonas,12735695.436666666,0.0,0.0,12735695.436666666,0.0,2,0,1,1,2018,2025,-154306.42980158728,0.017280506517558476,0.018180506517558478,0.026280506517558477,0.017280506517558476,99.0,96.0,78.0,99.0
Global Partnership,Enterobacteriaceae,12679184.27,0.0,0.0,12679184.27,0.0,1,0,0,1,2020,2025,-150942.66988095237,0.017203828994234022,0.018103828994234024,0.026203828994234023,0.017203828994234022,101.0,97.0,79.0,101.0
Global Partnership,Streptococcus,3159527.66,0.0,3159527.66,0.0,0.0,3,0,1,2,2014,2021,-174948.01476190475,0.006882458440894056,0.0076324584408940565,0.014382458440894055,0.006882458440894056,190.0,182.0,142.0,190.0
Global Partnership,Salmonella,2041891.74,0.0,2041891.74,0.0,0.0,1,0,0,1,2015,2020,0.0,0.004447891126028265,0.005197891126028266,0.011947891126028266,0.004447891126028265,254.0,239.0,165.0,254.0
Global Partnership,Escherichia,747298.465,0.0,747298.465,0.0,0.0,1,0,0,1,2016,2020,0.0,0.0016278542813283744,0.0023778542813283742,0.009127854281328373,0.0016278542813283744,441.0,440.0,255.0,441.0
Global Partnership,Shigella,747298.465,0.0,747298.465,0.0,0.0,1,0,1,0,2016,2020,0.0,0.0016278542813283744,0.0023778542813283742,0.009127854281328373,0.0016278542813283744,441.0,440.0,255.0,441.0
Global Partnership,Acinetobacter,56511.16666666666,0.0,0.0,56511.16666666666,0.0,1,0,0,1,2018,2019,-3363.7599206349205,7.667752332445525e-05,0.0009766775233244552,0.009076677523324455,7.667752332445525e-05,709.0,605.0,258.0,709.0
Global Partnership,Enterobacter,56511.16666666666,0.0,0.0,56511.16666666666,0.0,1,0,0,1,2018,2019,-3363.7599206349205,7.667752332445525e-05,0.0009766775233244552,0.009076677523324455,7.667752332445525e-05,709.0,605.0,258.0,709.0
Global Partnership,Enterococcus,56511.16666666666,0.0,0.0,56511.16666666666,0.0,1,0,0,1,2018,2019,-3363.7599206349205,7.667752332445525e-05,0.0009766775233244552,0.009076677523324455,7.667752332445525e-05,709.0,605.0,258.0,709.0
Global Partnership,Staphylococcus,56511.16666666666,0.0,0.0,56511.16666666666,0.0,1,0,0,1,2018,2019,-3363.7599206349205,7.667752332445525e-05,0.0009766775233244552,0.009076677523324455,7.667752332445525e-05,709.0,605.0,258.0,709.0
Hungary,Escherichia,653277.1000000001,158093.95,495183.15,0.0,0.0,5,0,3,2,2012,2023,3757.104404761905,0.001219325112915466,0.0015693251129154661,0.004719325112915467,0.001219325112915466,456.0,471.0,1020.0,456.0
Hungary,Pseudomonas,634931.62,634931.62,0.0,0.0,0.0,3,1,1,2,2012,2029,51857.43388888888,0.003578569081723223,0.003928569081723223,0.007078569081723223,0.003578569081723223,278.0,281.0,800.0,278.0
Hungary,Klebsiella,633990.54,633990.54,0.0,0.0,0.0,2,1,0,2,2013,2029,51857.43388888888,0.0035781949269964026,0.003928194926996403,0.007078194926996403,0.0035781949269964026,279.0,282.0,801.0,279.0
Hungary,Staphylococcus,632199.6046666667,632199.6046666667,0.0,0.0,0.0,2,1,3,1,2013,2029,51857.43388888888,0.0035774828866593474,0.003927482886659348,0.007077482886659347,0.0035774828866593474,280.0,283.0,802.0,280.0
Hungary,Acinetobacter,622289.2066666667,622289.2066666667,0.0,0.0,0.0,1,1,0,1,2024,2029,51857.43388888888,0.00357354270914376,0.0039235427091437606,0.007073542709143761,0.00357354270914376,282.0,284.0,803.0,282.0
Hungary,Enterobacter,622289.2066666667,622289.2066666667,0.0,0.0,0.0,1,1,0,1,2024,2029,51857.43388888888,0.00357354270914376,0.0039235427091437606,0.007073542709143761,0.00357354270914376,282.0,284.0,803.0,282.0
Hungary,Enterococcus,622289.2066666667,622289.2066666667,0.0,0.0,0.0,1,1,0,1,2024,2029,51857.43388888888,0.00357354270914376,0.0039235427091437606,0.007073542709143761,0.00357354270914376,282.0,284.0,803.0,282.0
Hungary,Clostridioides,320699.99,320699.99,0.0,0.0,0.0,1,1,1,0,2023,2026,19089.28511904761,0.002775063332188822,0.003125063332188822,0.0062750633321888225,0.002775063332188822,345.0,358.0,877.0,345.0
Hungary,Salmonella,201097.89666666667,201097.89666666667,0.0,0.0,0.0,4,0,4,1,2012,2023,3442.8901190476195,0.00015124902105442809,0.0007512490210544281,0.006151249021054428,0.00015124902105442809,637.0,958.0,900.0,637.0
Hungary,Campylobacter,96400.92333333334,96400.92333333334,0.0,0.0,0.0,1,0,0,1,2022,2023,3442.8901190476195,0.00010962358277454853,0.0007096235827745485,0.006109623582774549,0.00010962358277454853,669.0,979.0,912.0,669.0
Hungary,Morganella,11701.333333333334,11701.333333333334,0.0,0.0,0.0,1,0,1,0,2013,2018,0.0,4.652217852642452e-06,0.0007546522178526424,0.007504652217852643,4.652217852642452e-06,983.0,938.0,746.0,983.0
Hungary,Streptococcus,6606.932000000001,6606.932000000001,0.0,0.0,0.0,1,0,2,0,2013,2017,0.0,2.6267850103915253e-06,0.0007526267850103915,0.007502626785010392,2.6267850103915253e-06,989.0,945.0,752.0,989.0
Hungary,Proteus,941.08,941.08,0.0,0.0,0.0,1,0,1,0,2012,2017,0.0,3.741547268201423e-07,0.0007503741547268202,0.0075003741547268205,3.741547268201423e-07,1007.0,964.0,771.0,1007.0
Hungary,Shigella,941.08,941.08,0.0,0.0,0.0,1,0,1,0,2012,2017,0.0,3.741547268201423e-07,0.0007503741547268202,0.0075003741547268205,3.741547268201423e-07,1007.0,964.0,771.0,1007.0
Iceland,Campylobacter,2307782.27,2307782.27,0.0,0.0,0.0,1,0,0,1,2020,2022,-27473.598452380946,0.0009175284192547051,0.001667528419254705,0.008417528419254704,0.0009175284192547051,472.0,467.0,300.0,472.0
Iceland,Bordetella,441175.98,441175.98,0.0,0.0,0.0,1,0,1,0,2017,2019,-36764.665,0.00017540281195701593,0.0009254028119570159,0.007675402811957015,0.00017540281195701593,624.0,631.0,443.0,624.0
Iceland,Haemophilus,80696.0,80696.0,0.0,0.0,0.0,1,0,2,0,2015,2017,0.0,3.2083127720786974e-05,0.0007820831277207869,0.007532083127720787,3.2083127720786974e-05,834.0,798.0,605.0,834.0
India,Streptococcus,23125740.67,0.0,23125740.67,0.0,0.0,6,1,2,4,2014,2036,-632247.9478571429,0.052627487478446935,0.053127487478446936,0.05762748747844694,0.052627487478446935,38.0,38.0,37.0,38.0
India,Klebsiella,10968060.470833335,16996.998333333333,62550.2475,10888513.225,0.0,5,1,2,3,2017,2026,-131811.22584325395,0.01716941029699648,0.01731941029699648,0.01866941029699648,0.01716941029699648,102.0,104.0,112.0,102.0
India,Salmonella,8294593.57,0.0,7782915.45,511678.12,0.0,5,1,3,3,2012,2026,5241.814880952372,0.020008745954329634,0.020258745954329634,0.022508745954329633,0.020008745954329634,90.0,90.0,91.0,90.0
India,Staphylococcus,1178864.215833333,551591.7783333333,62550.2475,564722.19,0.0,9,0,5,4,2017,2024,-82410.70685515871,0.001121803089858699,0.001521803089858699,0.0051218030898587,0.001121803089858699,461.0,478.0,1017.0,461.0
India,Candida,857767.19,338150.4,0.0,519616.79,0.0,3,0,3,1,2015,2021,-2903.417142857143,0.0008394871171061951,0.001489487117106195,0.007339487117106195,0.0008394871171061951,482.0,484.0,784.0,482.0
India,Pseudomonas,841654.7033333333,122718.16833333332,0.0,718936.535,0.0,5,0,3,2,2017,2023,-40719.8773015873,0.0010242837576074774,0.0016742837576074773,0.007524283757607476,0.0010242837576074774,466.0,465.0,638.0,466.0
India,Acinetobacter,787972.8358333334,106193.78833333332,62550.2475,619228.8,0.0,5,1,2,3,2017,2026,14741.253382936511,0.003576198244623562,0.003576198244623562,0.003576198244623562,0.003576198244623562,281.0,305.0,1030.0,281.0
India,Escherichia,339394.3525,103230.11,62550.2475,173613.995,0.0,4,0,2,2,2019,2024,-3519.6855059523805,0.00041286583608075313,0.0008128658360807531,0.004412865836080753,0.00041286583608075313,546.0,729.0,1023.0,546.0
India,Enterococcus,232661.24333333332,16996.998333333333,0.0,215664.245,0.0,3,0,0,3,2017,2022,-6987.437301587303,0.00029938302358391,0.00094938302358391,0.00679938302358391,0.00029938302358391,571.0,621.0,819.0,571.0
India,Vibrio,107674.44,0.0,107674.44,0.0,0.0,1,0,1,0,2015,2019,0.0,0.00023454925488658026,0.0009845492548865803,0.007734549254886581,0.00023454925488658026,596.0,600.0,419.0,596.0
India,Helicobacter,69575.93,69575.93,0.0,0.0,0.0,1,0,1,0,2018,2021,-4141.424404761904,2.766200863094247e-05,0.0007776620086309425,0.007527662008630942,2.766200863094247e-05,856.0,818.0,625.0,856.0
India,Enterobacter,59047.24833333334,16996.998333333333,0.0,42050.25,0.0,2,0,0,2,2017,2022,-4920.604027777778,6.381380892608086e-05,0.0007138138089260808,0.006563813808926081,6.381380892608086e-05,744.0,977.0,839.0,744.0
Indonesia,Escherichia,372389.3,372389.3,0.0,0.0,0.0,2,0,2,0,2022,2025,13299.61785714286,0.000423467409246179,0.0010234674092461792,0.00642346740924618,0.000423467409246179,543.0,570.0,858.0,543.0
Indonesia,Pseudomonas,133944.69,133944.69,0.0,0.0,0.0,1,0,1,0,2020,2022,-1594.579642857143,5.325374983631428e-05,0.0008032537498363142,0.007553253749836314,5.325374983631428e-05,761.0,741.0,552.0,761.0
Indonesia,Aspergillus,0.0,0.0,0.0,0.0,0.0,1,0,1,0,2017,2020,0.0,0.0,0.001,0.01,,1013.0,577.0,203.0,
Indonesia,Histoplasma,0.0,0.0,0.0,0.0,0.0,1,0,1,0,2017,2020,0.0,0.0,0.001,0.01,,1013.0,577.0,203.0,
Ireland,Staphylococcus,7358364.151666666,6289733.2716666665,1068630.88,0.0,0.0,19,0,21,1,2013,2024,-279887.9529960317,0.004828491808520712,0.0053284918085207125,0.009828491808520712,0.004828491808520712,234.0,229.0,229.0,234.0
Ireland,Candida,2303927.68,2139768.7,164158.98,0.0,0.0,4,0,3,1,2013,2024,-19819.601666666666,0.0012083201482297255,0.0017083201482297255,0.006208320148229725,0.0012083201482297255,457.0,462.0,885.0,457.0
Ireland,Campylobacter,1952420.5083333333,1842271.6283333332,110148.88,0.0,0.0,6,0,3,3,2014,2025,10960.839702380948,0.0011993706393475874,0.0015493706393475875,0.0046993706393475875,0.0011993706393475874,459.0,476.0,1021.0,459.0
Ireland,Salmonella,1842271.6283333332,1842271.6283333332,0.0,0.0,0.0,3,0,1,2,2020,2025,10960.839702380948,0.0009594312653365283,0.0015594312653365284,0.006959431265336528,0.0009594312653365283,470.0,474.0,811.0,470.0
Ireland,Pseudomonas,1787933.9500000002,1750759.5499999998,37174.4,0.0,0.0,6,0,6,0,2012,2024,-12456.443154761904,0.0007770449368155255,0.0012770449368155255,0.005777044936815525,0.0007770449368155255,488.0,519.0,1004.0,488.0
Ireland,Escherichia,1287627.3883333332,525699.4533333334,55074.44,706853.495,0.0,5,0,1,4,2014,2023,-63617.096488095245,0.0012880758570501312,0.0016880758570501312,0.005288075857050132,0.0012880758570501312,454.0,464.0,1014.0,454.0
Ireland,Aspergillus,799433.7,799433.7,0.0,0.0,0.0,4,2,5,0,2013,2027,59744.18916666667,0.006059545591022952,0.006409545591022952,0.009559545591022952,0.006059545591022952,203.0,204.0,239.0,203.0
Ireland,Klebsiella,761927.935,0.0,55074.44,706853.495,0.0,2,0,1,1,2014,2019,-58904.45791666665,0.0010790681899533578,0.0017290681899533578,0.007579068189953358,0.0010790681899533578,463.0,459.0,508.0,463.0
Ireland,Streptococcus,747048.14,747048.14,0.0,0.0,0.0,4,0,3,1,2013,2024,-5258.911904761905,0.00029701151096951954,0.0010470115109695196,0.00779701151096952,0.00029701151096951954,572.0,561.0,393.0,572.0
Ireland,Enterococcus,724175.9133333333,724175.9133333333,0.0,0.0,0.0,2,0,2,0,2017,2024,-39056.22611111111,0.00028791796767858245,0.0010379179676785824,0.007787917967678583,0.00028791796767858245,575.0,563.0,395.0,575.0
Ireland,Clostridium,361827.76666666666,361827.76666666666,0.0,0.0,0.0,4,0,4,0,2014,2020,-27114.90734126984,0.00014385553746026783,0.0008938555374602678,0.007643855537460267,0.00014385553746026783,641.0,646.0,460.0,641.0
Ireland,Acinetobacter,221164.85,221164.85,0.0,0.0,0.0,1,0,1,0,2020,2022,-2632.914880952381,8.793075406338223e-05,0.0008379307540633822,0.007587930754063383,8.793075406338223e-05,698.0,691.0,499.0,698.0
Ireland,Helicobacter,85523.48,85523.48,0.0,0.0,0.0,2,0,2,0,2014,2018,0.0,3.4002437939503445e-05,0.0007840024379395035,0.007534002437939504,3.4002437939503445e-05,815.0,787.0,594.0,815.0
Ireland,Clostridioides,84778.95333333334,84778.95333333334,0.0,0.0,0.0,3,0,0,3,2014,2019,-4027.50623015873,3.370642891627803e-05,0.000783706428916278,0.007533706428916279,3.370642891627803e-05,819.0,791.0,598.0,819.0
Ireland,Burkholderia,25925.505,25925.505,0.0,0.0,0.0,1,0,1,0,2015,2017,0.0,1.0307466146288556e-05,0.0007603074661462884,0.007510307466146289,1.0307466146288556e-05,948.0,903.0,711.0,948.0
Israel,Pseudomonas,6738089.625,1738089.645,4999999.98,0.0,0.0,3,1,1,2,2019,2028,313340.80363095243,0.020323639412299366,0.020423639412299365,0.021323639412299363,0.020323639412299366,87.0,89.0,98.0,87.0
Israel,Listeria,3438208.8,3438208.8,0.0,0.0,0.0,3,0,3,0,2013,2024,-104145.23809523808,0.0013669635677249642,0.002116963567724964,0.008866963567724965,0.0013669635677249642,450.0,448.0,274.0,450.0
Israel,Acinetobacter,2829375.19,2829375.19,0.0,0.0,0.0,1,0,1,0,2021,2023,33683.03797619047,0.0018224227249016593,0.0024224227249016596,0.00782242272490166,0.0018224227249016593,438.0,438.0,382.0,438.0
Israel,Aspergillus,2521465.05,2521465.05,0.0,0.0,0.0,3,2,3,0,2020,2028,123251.49107142857,0.008059320952414233,0.008409320952414234,0.011559320952414234,0.008059320952414233,170.0,170.0,171.0,170.0
Israel,Salmonella,2027327.19,2027327.19,0.0,0.0,0.0,3,0,1,2,2014,2022,-150618.11428571428,0.0008060250467011272,0.0015560250467011273,0.008306025046701127,0.0008060250467011272,486.0,475.0,311.0,486.0
Israel,Candida,1522739.56,1522739.56,0.0,0.0,0.0,3,0,4,0,2014,2025,5359.999285714286,0.000716407631434627,0.0013164076314346271,0.006716407631434627,0.000716407631434627,497.0,514.0,828.0,497.0
Israel,Shigella,693109.98,0.0,693109.98,0.0,0.0,2,0,1,1,2018,2020,-41256.54642857142,0.0015098144867384733,0.002259814486738473,0.009009814486738472,0.0015098144867384733,445.0,445.0,266.0,445.0
Israel,Enterobacteriaceae,552994.4400000001,552994.44,0.0,0.0,0.0,5,2,0,5,2017,2027,13407.110714285718,0.005002002929336344,0.005352002929336344,0.008502002929336344,0.005002002929336344,224.0,227.0,292.0,224.0
Israel,Klebsiella,294497.18,294497.18,0.0,0.0,0.0,2,1,2,0,2019,2026,3798.165476190477,0.002447992132053157,0.002797992132053157,0.005947992132053157,0.002447992132053157,393.0,403.0,979.0,393.0
Israel,Staphylococcus,245274.2433333333,245274.2433333333,0.0,0.0,0.0,1,0,1,0,2013,2018,0.0,9.751617026225233e-05,0.0008475161702622523,0.0075975161702622526,9.751617026225233e-05,684.0,677.0,487.0,684.0
Israel,Clostridioides,220029.98,220029.98,0.0,0.0,0.0,2,1,1,1,2019,2026,8431.308333333334,0.0025143300820008115,0.0028643300820008115,0.006014330082000812,0.0025143300820008115,382.0,389.0,967.0,382.0
Israel,Enterococcus,133589.995,133589.995,0.0,0.0,0.0,2,0,1,1,2019,2021,-4771.07125,5.3112730145289636e-05,0.0008031127301452896,0.00755311273014529,5.3112730145289636e-05,762.0,742.0,553.0,762.0
Israel,Helicobacter,110782.0,110782.0,0.0,0.0,0.0,1,0,1,0,2019,2021,-3956.5,4.404472408997004e-05,0.00079404472408997,0.00754404472408997,4.404472408997004e-05,784.0,761.0,570.0,784.0
Israel,Escherichia,109982.49,109982.49,0.0,0.0,0.0,1,1,0,1,2024,2027,9165.2075,0.002485775207343464,0.002835775207343464,0.005985775207343464,0.002485775207343464,388.0,396.0,974.0,388.0
Israel,Clostridium,48990.0,48990.0,0.0,0.0,0.0,1,0,1,0,2019,2021,-1749.642857142857,1.9477451509880956e-05,0.0007694774515098809,0.007519477451509882,1.9477451509880956e-05,894.0,853.0,662.0,894.0
Italy,Salmonella,15602081.165,7205827.465,2977719.7,5418534.0,0.0,5,0,5,1,2009,2025,-157537.209702381,0.016703487819538884,0.017103487819538885,0.020703487819538884,0.016703487819538884,107.0,106.0,100.0,107.0
Italy,Streptococcus,15049014.48,1158695.49,0.0,13890318.99,0.0,4,1,2,2,2015,2027,-227714.15190476188,0.021560091150366365,0.021960091150366363,0.025560091150366365,0.021560091150366365,82.0,82.0,81.0,82.0
Italy,Shigella,12059654.205,7205827.465,4853826.74,0.0,0.0,3,0,2,1,2019,2025,-35247.200892857145,0.013438075906232028,0.013938075906232028,0.01843807590623203,0.013438075906232028,125.0,123.0,114.0,125.0
Italy,Staphylococcus,5535041.778333333,5535041.778333333,0.0,0.0,0.0,9,2,5,4,2014,2028,127754.30484126986,0.00935070497099724,0.00970070497099724,0.01285070497099724,0.00935070497099724,153.0,154.0,157.0,153.0
Italy,Acinetobacter,3197165.918333333,3197165.918333333,0.0,0.0,0.0,4,1,1,3,2020,2028,243620.09371031745,0.008568346157235705,0.008918346157235704,0.012068346157235704,0.008568346157235705,163.0,164.0,163.0,163.0
Italy,Enterococcus,3117523.0033333334,3117523.0033333334,0.0,0.0,0.0,6,1,1,5,2014,2027,66147.48037698415,0.0048615210686152885,0.005211521068615289,0.008361521068615289,0.0048615210686152885,231.0,238.0,304.0,231.0
Italy,Klebsiella,2989452.128333333,2989452.128333333,0.0,0.0,0.0,6,1,3,3,2017,2028,57494.45216269842,0.004631412906086485,0.0049814129060864855,0.008131412906086485,0.004631412906086485,242.0,248.0,339.0,242.0
Italy,Pseudomonas,2010015.7833333332,2010015.7833333332,0.0,0.0,0.0,5,1,1,4,2020,2028,128676.63007936507,0.00571607216893733,0.006066072168937331,0.00921607216893733,0.00571607216893733,207.0,208.0,252.0,207.0
Italy,Neisseria,1167054.51,1167054.51,0.0,0.0,0.0,4,0,3,1,2015,2023,-57022.619047619046,0.00046399770622398203,0.0012139977062239822,0.007963997706223983,0.00046399770622398203,535.0,524.0,358.0,535.0
Italy,Escherichia,955416.205,955416.205,0.0,0.0,0.0,2,0,0,2,2018,2025,-53171.65446428572,0.0003798545173431717,0.0011298545173431718,0.007879854517343172,0.0003798545173431717,554.0,539.0,374.0,554.0
Italy,Clostridioides,801749.97,267249.98,534499.99,0.0,0.0,2,2,2,0,2023,2026,47723.2125,0.006763336977082879,0.006863336977082879,0.007763336977082879,0.006763336977082879,193.0,198.0,406.0,193.0
Italy,Enterobacteriaceae,693801.5,693801.5,0.0,0.0,0.0,2,2,0,2,2023,2027,51292.982619047616,0.0058425379890177185,0.006192537989017718,0.00934253798901772,0.0058425379890177185,205.0,206.0,248.0,205.0
Italy,Enterobacter,231742.6433333333,231742.6433333333,0.0,0.0,0.0,2,0,0,2,2020,2023,-2758.840992063492,9.213627471517937e-05,0.0008421362747151793,0.007592136274715179,9.213627471517937e-05,692.0,687.0,495.0,692.0
Italy,Burkholderia,82490.26,82490.26,0.0,0.0,0.0,1,0,1,0,2015,2018,0.0,3.279648987931154e-05,0.0007827964898793115,0.007532796489879312,3.279648987931154e-05,825.0,792.0,599.0,825.0
Italy,Helicobacter,57250.0,57250.0,0.0,0.0,0.0,1,0,1,0,2019,2019,-2044.642857142857,2.276146354236956e-05,0.0007727614635423695,0.007522761463542369,2.276146354236956e-05,877.0,837.0,645.0,877.0
Japan,Streptococcus,17182101.163333334,5192118.883333334,11989982.28,0.0,0.0,154,4,88,80,2013,2026,-154974.63716666665,0.03719129599385348,0.03744129599385347,0.03969129599385348,0.03719129599385348,50.0,50.0,52.0,50.0
Japan,Staphylococcus,13231268.100666666,13231268.100666666,0.0,0.0,0.0,248,14,247,21,2013,2030,-288435.97903968254,0.03679202107725453,0.037292021077254524,0.04179202107725453,0.03679202107725453,52.0,51.0,47.0,52.0
Japan,Klebsiella,9671670.757142857,5354663.667142857,4317007.09,0.0,0.0,30,4,32,4,2014,2029,12361.44642857143,0.020797719467121525,0.020897719467121524,0.021797719467121522,0.020797719467121525,85.0,86.0,97.0,85.0
Japan,Escherichia,7865509.958880953,7865509.958880952,0.0,0.0,0.0,144,5,81,64,2012,2027,-167939.33259722224,0.014388431884339225,0.014888431884339226,0.019388431884339228,0.014388431884339225,117.0,116.0,111.0,117.0
Japan,Pseudomonas,4919491.902666667,4919491.902666667,0.0,0.0,0.0,108,4,82,30,2012,2027,-30632.071978174605,0.010964901333716949,0.01146490133371695,0.01596490133371695,0.010964901333716949,143.0,139.0,131.0,143.0
Japan,Candida,4546415.035833334,4546415.035833334,0.0,0.0,0.0,85,3,86,30,2014,2027,-62668.40660714286,0.008564321125081669,0.009064321125081671,0.01356432112508167,0.008564321125081669,164.0,160.0,151.0,164.0
Japan,Enterococcus,4041875.369166666,4041875.369166666,0.0,0.0,0.0,33,4,26,9,2014,2027,41837.00970238096,0.011482352836794623,0.011832352836794622,0.014982352836794622,0.011482352836794623,138.0,138.0,140.0,138.0
Japan,Helicobacter,3633103.51,3633103.51,0.0,0.0,0.0,66,1,54,19,2013,2027,-61383.5780952381,0.0036967020878595864,0.004196702087859587,0.008696702087859587,0.0036967020878595864,272.0,268.0,283.0,272.0
Japan,Enterobacteriaceae,3306719.993333333,3086668.0033333334,0.0,220051.99,0.0,36,2,0,36,2012,2027,-26244.225555555557,0.006030281323019815,0.006430281323019815,0.010030281323019816,0.006030281323019815,204.0,203.0,202.0,204.0
Japan,Aspergillus,3250859.55,3250859.55,0.0,0.0,0.0,47,0,37,20,2013,2025,-30057.673630952377,0.001292477224955265,0.002042477224955265,0.008792477224955264,0.001292477224955265,453.0,451.0,278.0,453.0
Japan,Vibrio,2441347.643333333,2441347.643333333,0.0,0.0,0.0,7,0,8,1,2014,2025,-11280.61527777778,0.0009706313603140875,0.0017206313603140874,0.008470631360314087,0.0009706313603140875,469.0,461.0,298.0,469.0
Japan,Salmonella,1458566.3313333334,1458566.3313333332,0.0,0.0,0.0,38,3,29,20,2013,2027,3625.750769841269,0.007411737003575153,0.007761737003575153,0.010911737003575152,0.007411737003575153,179.0,178.0,187.0,179.0
Japan,Campylobacter,1378092.1513333337,1378092.1513333337,0.0,0.0,0.0,25,2,20,13,2014,2026,1141.8176746031745,0.005076051719741524,0.0054260517197415245,0.008576051719741525,0.005076051719741524,223.0,222.0,288.0,223.0
Japan,Acinetobacter,1033295.9383333334,1033295.9383333332,0.0,0.0,0.0,37,2,22,21,2012,2026,-23406.74184523809,0.0049153224578469094,0.00541532245784691,0.009915322457846909,0.0049153224578469094,227.0,223.0,225.0,227.0
Japan,Clostridium,696785.5821666666,696785.5821666666,0.0,0.0,0.0,26,0,32,0,2014,2024,-22721.38452380952,0.00027702811572638135,0.0010270281157263813,0.007777028115726382,0.00027702811572638135,580.0,568.0,399.0,580.0
Japan,Clostridioides,678014.9006666667,678014.9006666667,0.0,0.0,0.0,26,0,8,19,2014,2024,-8517.062857142857,0.00026956526537480615,0.0010195652653748062,0.007769565265374806,0.00026956526537480615,582.0,571.0,402.0,582.0
Japan,Cryptococcus,523990.94833333336,523990.94833333336,0.0,0.0,0.0,18,0,10,10,2014,2023,-11520.497559523808,0.00020832839942394444,0.0009583283994239445,0.007708328399423944,0.00020832839942394444,604.0,615.0,426.0,604.0
Japan,Enterobacter,314914.8164285714,314914.8164285714,0.0,0.0,0.0,14,0,13,6,2014,2025,45.03482142857094,0.00012613647544621834,0.0007261364754462183,0.006126136475446219,0.00012613647544621834,655.0,973.0,905.0,655.0
Japan,Neisseria,278205.8133333333,278205.8133333333,0.0,0.0,0.0,6,0,3,3,2014,2025,4172.975833333333,0.00019702445069215524,0.0007970244506921553,0.006197024450692155,0.00019702445069215524,614.0,758.0,890.0,614.0
Japan,Shigella,254223.325,254223.325,0.0,0.0,0.0,9,0,5,5,2014,2023,4010.238095238096,0.0001841194633483572,0.0007841194633483572,0.006184119463348358,0.0001841194633483572,623.0,785.0,893.0,623.0
Japan,Bacillus,245389.74904761903,245389.74904761903,0.0,0.0,0.0,10,0,16,1,2015,2024,-530.3356746031744,9.756209304137286e-05,0.0008475620930413728,0.007597562093041374,9.756209304137286e-05,683.0,676.0,486.0,683.0
Japan,Fusarium,219266.035,219266.035,0.0,0.0,0.0,6,0,3,4,2013,2024,5742.0,0.0002060830280093491,0.0008060830280093492,0.006206083028009349,0.0002060830280093491,607.0,737.0,886.0,607.0
Japan,Bacteroides,216119.965,216119.965,0.0,0.0,0.0,7,1,7,0,2014,2027,-2195.3569246031743,0.0023381772601845786,0.0028381772601845786,0.007338177260184578,0.0023381772601845786,407.0,394.0,785.0,407.0
Japan,Haemophilus,212806.3333333333,212806.3333333333,0.0,0.0,0.0,17,0,18,1,2014,2024,1219.6436904761908,0.00010986435231240399,0.000709864352312404,0.006109864352312404,0.00010986435231240399,668.0,978.0,911.0,668.0
Japan,Prevotella,178724.0,178724.0,0.0,0.0,0.0,2,0,3,0,2016,2021,0.0,7.105711458771105e-05,0.000821057114587711,0.007571057114587712,7.105711458771105e-05,719.0,704.0,513.0,719.0
Japan,Chlamydia,174105.81,174105.81,0.0,0.0,0.0,5,0,2,3,2015,2025,-1096.4289285714287,6.922101391842309e-05,0.000819221013918423,0.007569221013918423,6.922101391842309e-05,726.0,711.0,520.0,726.0
Japan,Trichophyton,171643.31,171643.31,0.0,0.0,0.0,2,0,0,2,2015,2025,1852.4998809523809,0.00010660414334897928,0.0007066041433489793,0.006106604143348979,0.00010660414334897928,674.0,982.0,917.0,674.0
Japan,Fusobacterium,160914.0,160914.0,0.0,0.0,0.0,2,0,2,0,2014,2021,0.0,6.397621213025076e-05,0.0008139762121302508,0.007563976212130251,6.397621213025076e-05,743.0,727.0,537.0,743.0
Japan,Listeria,129501.655,129501.655,0.0,0.0,0.0,5,1,5,0,2015,2026,1559.999761904762,0.002336044522440406,0.002686044522440406,0.005836044522440406,0.002336044522440406,409.0,421.0,994.0,409.0
Japan,Mycoplasma,129225.375,129225.375,0.0,0.0,0.0,8,0,6,2,2014,2025,-1498.0951785714287,5.1377443874437294e-05,0.0008013774438744372,0.007551377443874437,5.1377443874437294e-05,765.0,745.0,556.0,765.0
Japan,Cryptosporidium,110760.0,110760.0,0.0,0.0,0.0,1,1,0,1,2024,2027,9230.0,0.0024874260740660936,0.0028374260740660936,0.005987426074066093,0.0024874260740660936,387.0,395.0,973.0,387.0
Japan,Orthomyxoviridae,110516.0,110516.0,0.0,0.0,0.0,2,1,0,2,2020,2026,2523.9523809523807,0.002348458047507197,0.002698458047507197,0.005848458047507198,0.002348458047507197,402.0,415.0,987.0,402.0
Japan,Basidiomycota,102569.975,102569.975,0.0,0.0,0.0,4,0,0,4,2016,2023,-4359.642559523809,4.0779785965139865e-05,0.0007907797859651399,0.007540779785965139,4.0779785965139865e-05,789.0,766.0,575.0,789.0
Japan,Flaviviridae,84917.245,84917.245,0.0,0.0,0.0,1,1,0,1,2020,2026,-1010.9195833333332,0.0022860136631899985,0.002786013663189998,0.007286013663189999,0.0022860136631899985,425.0,407.0,792.0,425.0
Japan,Citrobacter,81510.0,81510.0,0.0,0.0,0.0,2,0,2,0,2015,2019,0.0,3.240675796224529e-05,0.0007824067579622453,0.007532406757962245,3.240675796224529e-05,828.0,795.0,602.0,828.0
Japan,Bordetella,74944.95499999999,74944.95499999999,0.0,0.0,0.0,5,0,2,3,2014,2024,-1423.809107142857,2.9796626391563792e-05,0.0007797966263915638,0.007529796626391564,2.9796626391563792e-05,845.0,808.0,615.0,845.0
Japan,Serratia,69679.995,69679.995,0.0,0.0,0.0,4,0,4,0,2015,2024,-3791.66625,2.7703382809170185e-05,0.0007777033828091701,0.00752770338280917,2.7703382809170185e-05,855.0,817.0,624.0,855.0
Japan,Mucor,68000.0,68000.0,0.0,0.0,0.0,1,0,0,1,2016,2018,0.0,2.7035450146395285e-05,0.0007770354501463952,0.0075270354501463955,2.7035450146395285e-05,858.0,820.0,627.0,858.0
Japan,Pneumocystis,66624.97666666667,66624.97666666667,0.0,0.0,0.0,3,0,3,0,2014,2022,-2302.8564285714288,2.6488768164359058e-05,0.000776488768164359,0.00752648876816436,2.6488768164359058e-05,861.0,822.0,629.0,861.0
Japan,Corynebacterium,65436.64333333333,65436.64333333333,0.0,0.0,0.0,5,0,2,3,2015,2020,-1994.047619047619,2.601631042037916e-05,0.0007760163104203791,0.007526016310420379,2.601631042037916e-05,864.0,825.0,632.0,864.0
Japan,Legionella,58066.66,58066.66,0.0,0.0,0.0,1,0,2,0,2015,2018,0.0,2.3086151347024786e-05,0.0007730861513470247,0.007523086151347025,2.3086151347024786e-05,874.0,834.0,642.0,874.0
Japan,Coronaviridae,56814.0,56814.0,0.0,0.0,0.0,1,0,0,1,2021,2023,676.3571428571429,3.65943424748002e-05,0.0006365943424748002,0.0060365943424748,3.65943424748002e-05,803.0,1006.0,945.0,803.0
Japan,Rickettsia,41399.998,41399.998,0.0,0.0,0.0,1,0,1,0,2021,2023,492.8571190476191,2.666606303495694e-05,0.0006266660630349569,0.0060266660630349566,2.666606303495694e-05,860.0,1022.0,960.0,860.0
Japan,Providencia,36400.0,36400.0,0.0,0.0,0.0,2,0,7,1,2015,2023,-368.3333333333333,1.4471917431305712e-05,0.0007644719174313057,0.007514471917431306,1.4471917431305712e-05,918.0,873.0,682.0,918.0
Japan,Treponema,36399.99,36399.99,0.0,0.0,0.0,1,0,1,0,2017,2020,-3033.3325,1.4471913455504219e-05,0.0007644719134555042,0.007514471913455504,1.4471913455504219e-05,919.0,874.0,683.0,919.0
Japan,Proteus,31200.0,31200.0,0.0,0.0,0.0,3,0,2,1,2015,2019,-2047.5,1.2404500655404897e-05,0.0007624045006554049,0.007512404500655405,1.2404500655404897e-05,934.0,888.0,697.0,934.0
Japan,Actinobacillus,25740.0,25740.0,0.0,0.0,0.0,1,0,0,1,2016,2019,0.0,1.023371304070904e-05,0.0007602337130407091,0.00751023371304071,1.023371304070904e-05,949.0,904.0,712.0,949.0
Japan,Ascomycota,16899.99,16899.99,0.0,0.0,0.0,1,0,0,1,2015,2018,0.0,6.71910054587616e-06,0.0007567191005458762,0.007506719100545876,6.71910054587616e-06,970.0,925.0,733.0,970.0
Japan,Actinomyces,16259.995,16259.995,0.0,0.0,0.0,2,0,14,0,2016,2019,-380.0,6.464651238281421e-06,0.0007564646512382814,0.007506464651238281,6.464651238281421e-06,971.0,926.0,734.0,971.0
Japan,Rhizopus,14040.0,14040.0,0.0,0.0,0.0,1,0,0,1,2016,2019,0.0,5.5820252949322035e-06,0.0007555820252949321,0.007505582025294931,5.5820252949322035e-06,974.0,929.0,737.0,974.0
Japan,Morganella,13960.0,13960.0,0.0,0.0,0.0,2,0,2,0,2015,2018,0.0,5.5502188829952674e-06,0.0007555502188829953,0.007505550218882995,5.5502188829952674e-06,975.0,930.0,738.0,975.0
Japan,Achromobacter,13893.75,13893.75,0.0,0.0,0.0,1,0,1,0,2014,2018,0.0,5.523879198109993e-06,0.00075552387919811,0.00750552387919811,5.523879198109993e-06,976.0,931.0,739.0,976.0
Japan,Stenotrophomonas,9619.995,9619.995,0.0,0.0,0.0,1,0,1,0,2017,2020,-801.6662500000001,3.824719047515764e-06,0.0007538247190475157,0.007503824719047515,3.824719047515764e-06,985.0,940.0,748.0,985.0
Japan,Leptospira,7280.0,7280.0,0.0,0.0,0.0,1,0,2,0,2016,2018,0.0,2.8943834862611426e-06,0.0007528943834862611,0.007502894383486261,2.8943834862611426e-06,988.0,944.0,751.0,988.0
Japan,Burkholderia,5460.0,5460.0,0.0,0.0,0.0,1,0,1,0,2015,2018,0.0,2.170787614695857e-06,0.0007521707876146958,0.007502170787614696,2.170787614695857e-06,995.0,951.0,759.0,995.0
Japan,Aeromonas,4874.996666666667,4874.996666666667,0.0,0.0,0.0,1,0,1,0,2014,2018,0.0,1.938201902139851e-06,0.0007519382019021398,0.0075019382019021405,1.938201902139851e-06,999.0,955.0,763.0,999.0
Japan,Ureaplasma,3022.49,3022.49,0.0,0.0,0.0,1,0,1,0,2014,2017,0.0,1.201682025190857e-06,0.0007512016820251908,0.0075012016820251905,1.201682025190857e-06,1003.0,960.0,767.0,1003.0
Japan,Elizabethkingia,2925.0,2925.0,0.0,0.0,0.0,1,0,1,0,2015,2019,0.0,1.162921936444209e-06,0.0007511629219364442,0.007501162921936444,1.162921936444209e-06,1004.0,961.0,768.0,1004.0
Japan,Moraxella,2293.333333333333,2293.333333333333,0.0,0.0,0.0,1,0,2,0,2017,2017,-191.11111111111117,9.117838088588213e-07,0.0007509117838088588,0.007500911783808859,9.117838088588213e-07,1005.0,962.0,769.0,1005.0
Jordan,Staphylococcus,3501.75,0.0,3501.75,0.0,0.0,1,0,3,0,2018,2018,-208.4375,7.627927791396755e-06,0.0007576279277913967,0.007507627927791397,7.627927791396755e-06,967.0,922.0,730.0,967.0
Jordan,Pseudomonas,1167.25,0.0,1167.25,0.0,0.0,1,0,1,0,2018,2018,-69.47916666666667,2.5426425971322518e-06,0.0007525426425971322,0.007502542642597133,2.5426425971322518e-06,991.0,947.0,754.0,991.0
Kenya,Salmonella,979118.1016666668,761878.48,217239.62166666664,0.0,0.0,4,1,2,3,2013,2026,-77.30446428571408,0.0030283771598675277,0.003278377159867528,0.005528377159867528,0.0030283771598675277,317.0,336.0,1012.0,317.0
Kenya,Escherichia,292254.6666666666,0.0,292254.6666666667,0.0,0.0,5,1,3,2,2018,2026,-1578.9153571428574,0.0028888760814896513,0.003388876081489651,0.007888876081489651,0.0028888760814896513,333.0,322.0,373.0,333.0
Kenya,Aspergillus,150219.99,150219.99,0.0,0.0,0.0,1,1,2,0,2024,2027,12518.3325,0.0025712104425839335,0.0029212104425839335,0.0060712104425839335,0.0025712104425839335,375.0,382.0,928.0,375.0
Kenya,Shigella,114602.94,0.0,114602.94,0.0,0.0,2,0,5,1,2015,2020,-1212.627857142857,0.00024964173656079813,0.0009996417365607981,0.007749641736560798,0.00024964173656079813,590.0,595.0,411.0,590.0
Kenya,Enterobacteriaceae,86367.58,0.0,86367.58,0.0,0.0,1,0,0,1,2016,2018,0.0,0.00018813612158426004,0.00093813612158426,0.00768813612158426,0.00018813612158426004,622.0,630.0,442.0,622.0
Kenya,Streptococcus,67742.88,0.0,67742.88,0.0,0.0,1,0,0,1,2015,2018,0.0,0.00014756558778360976,0.0008975655877836098,0.00764756558778361,0.00014756558778360976,639.0,644.0,458.0,639.0
Kenya,Staphylococcus,53985.22666666666,0.0,53985.22666666666,0.0,0.0,1,1,1,0,2022,2026,1928.0438095238092,0.0024097758442086525,0.0027597758442086525,0.0059097758442086526,0.0024097758442086525,399.0,412.0,986.0,399.0
Kenya,Klebsiella,41489.985,0.0,41489.985,0.0,0.0,1,0,1,0,2021,2024,493.92839285714285,0.00010060684348877826,0.0007006068434887783,0.0061006068434887786,0.00010060684348877826,680.0,986.0,920.0,680.0
"Korea, Republic of",Salmonella,27796875.125,676084.0150000001,27120791.11,0.0,0.0,11,0,0,11,2015,2025,-333908.8422619048,0.05934652621428657,0.05984652621428657,0.06434652621428658,0.05934652621428657,34.0,34.0,34.0,34.0
"Korea, Republic of",Neisseria,6968899.800000001,25800.0,6943099.800000001,0.0,0.0,3,1,2,1,2016,2027,449134.9935714286,0.026687628159120364,0.026787628159120364,0.027687628159120365,0.026687628159120364,69.0,71.0,74.0,69.0
"Korea, Republic of",Streptococcus,3868946.305,788397.665,3080548.64,0.0,0.0,6,0,3,3,2012,2021,-83230.47821428571,0.007023868219611256,0.007523868219611257,0.012023868219611256,0.007023868219611256,186.0,184.0,164.0,186.0
"Korea, Republic of",Staphylococcus,3438386.3,3438386.3000000007,0.0,0.0,0.0,12,0,10,2,2012,2019,0.0,0.0013670341382014495,0.0021170341382014497,0.00886703413820145,0.0013670341382014495,449.0,447.0,273.0,449.0
"Korea, Republic of",Pseudomonas,1699989.31,1699989.31,0.0,0.0,0.0,6,0,3,3,2011,2019,0.0,0.0006758820035280872,0.0014258820035280872,0.008175882003528086,0.0006758820035280872,510.0,501.0,332.0,510.0
"Korea, Republic of",Chlamydia,1505920.23,0.0,1505920.23,0.0,0.0,1,1,1,0,2024,2027,125493.3525,0.008131383765279072,0.008481383765279071,0.011631383765279071,0.008131383765279072,169.0,169.0,170.0,169.0
"Korea, Republic of",Acinetobacter,860729.45,860729.4500000002,0.0,0.0,0.0,9,0,7,3,2013,2019,0.0,0.00034220894316190056,0.0010922089431619007,0.0078422089431619,0.00034220894316190056,562.0,545.0,380.0,562.0
"Korea, Republic of",Vibrio,581036.39,581036.39,0.0,0.0,0.0,3,0,1,2,2014,2019,0.0,0.00023100853463362483,0.000981008534633625,0.007731008534633625,0.00023100853463362483,597.0,601.0,420.0,597.0
"Korea, Republic of",Mycoplasma,238593.575,238593.575,0.0,0.0,0.0,2,0,1,1,2015,2018,0.0,9.486006914945184e-05,0.0008448600691494518,0.007594860069149452,9.486006914945184e-05,686.0,681.0,489.0,686.0
"Korea, Republic of",Escherichia,237119.25,237119.25,0.0,0.0,0.0,3,0,0,3,2016,2019,0.0,9.42739067959653e-05,0.0008442739067959653,0.007594273906795965,9.42739067959653e-05,689.0,684.0,492.0,689.0
"Korea, Republic of",Helicobacter,64678.18,64678.18,0.0,0.0,0.0,1,0,1,0,2016,2018,0.0,2.5714760455140893e-05,0.0007757147604551409,0.007525714760455141,2.5714760455140893e-05,866.0,827.0,634.0,866.0
"Korea, Republic of",Clostridioides,50254.68,50254.68,0.0,0.0,0.0,1,0,0,1,2016,2019,0.0,1.9980263172986003e-05,0.000769980263172986,0.007519980263172986,1.9980263172986003e-05,890.0,850.0,659.0,890.0
"Korea, Republic of",Clostridium,50254.68,50254.68,0.0,0.0,0.0,1,0,1,0,2016,2019,0.0,1.9980263172986003e-05,0.000769980263172986,0.007519980263172986,1.9980263172986003e-05,890.0,850.0,659.0,890.0
"Korea, Republic of",Klebsiella,50174.01,50174.01,0.0,0.0,0.0,1,0,0,1,2016,2019,0.0,1.9948190382349096e-05,0.0007699481903823491,0.007519948190382349,1.9948190382349096e-05,892.0,852.0,661.0,892.0
"Korea, Republic of",Haemophilus,19528.2,19528.2,0.0,0.0,0.0,1,0,0,1,2016,2017,0.0,7.76402466983583e-06,0.0007577640246698358,0.007507764024669836,7.76402466983583e-06,964.0,919.0,727.0,964.0
"Korea, Republic of",Campylobacter,19260.76,19260.76,0.0,0.0,0.0,1,0,1,0,2014,2017,0.0,7.657695834730653e-06,0.0007576576958347307,0.007507657695834731,7.657695834730653e-06,965.0,920.0,728.0,965.0
Latvia,Staphylococcus,2787608.988,2787608.988,0.0,0.0,0.0,5,1,2,3,2019,2026,-68500.32195238095,0.0033605502496451556,0.003860550249645155,0.008360550249645155,0.0033605502496451556,294.0,289.0,305.0,294.0
Latvia,Helicobacter,982419.48,982419.48,0.0,0.0,0.0,1,0,0,1,2017,2020,-81868.29,0.0003905904834468762,0.0011405904834468762,0.007890590483446876,0.0003905904834468762,552.0,538.0,372.0,552.0
Latvia,Escherichia,240659.99,240659.99,0.0,0.0,0.0,1,0,0,1,2019,2020,-8594.999642857143,9.568163473348511e-05,0.000845681634733485,0.0075956816347334845,9.568163473348511e-05,685.0,678.0,488.0,685.0
Latvia,Neisseria,235410.0,235410.0,0.0,0.0,0.0,1,0,1,0,2020,2022,-2802.5,9.359434292592522e-05,0.0008435943429259251,0.007593594342925926,9.359434292592522e-05,690.0,685.0,493.0,690.0
Latvia,Acinetobacter,208631.998,208631.998,0.0,0.0,0.0,2,0,1,1,2019,2025,7834.571500000001,0.00024518879777388376,0.0008451887977738838,0.006245188797773884,0.00024518879777388376,592.0,679.0,881.0,592.0
Latvia,Pseudomonas,208631.998,208631.998,0.0,0.0,0.0,2,0,1,1,2019,2025,7834.571500000001,0.00024518879777388376,0.0008451887977738838,0.006245188797773884,0.00024518879777388376,592.0,679.0,881.0,592.0
Latvia,Clostridioides,53451.995,53451.995,0.0,0.0,0.0,1,0,0,1,2018,2021,-3181.66636904762,2.1251452147762797e-05,0.0007712514521477627,0.007521251452147763,2.1251452147762797e-05,884.0,844.0,653.0,884.0
Latvia,Clostridium,53451.995,53451.995,0.0,0.0,0.0,1,0,1,0,2018,2021,-3181.66636904762,2.1251452147762797e-05,0.0007712514521477627,0.007521251452147763,2.1251452147762797e-05,884.0,844.0,653.0,884.0
Latvia,Enterobacteriaceae,53451.995,53451.995,0.0,0.0,0.0,1,0,0,1,2018,2021,-3181.66636904762,2.1251452147762797e-05,0.0007712514521477627,0.007521251452147763,2.1251452147762797e-05,884.0,844.0,653.0,884.0
Latvia,Enterococcus,53451.995,53451.995,0.0,0.0,0.0,1,0,1,0,2018,2021,-3181.66636904762,2.1251452147762797e-05,0.0007712514521477627,0.007521251452147763,2.1251452147762797e-05,884.0,844.0,653.0,884.0
Latvia,Klebsiella,48131.998,48131.998,0.0,0.0,0.0,1,0,0,1,2019,2021,-1718.9999285714282,1.9136326946697025e-05,0.0007691363269466971,0.007519136326946696,1.9136326946697025e-05,899.0,858.0,667.0,899.0
Latvia,Streptococcus,48131.998,48131.998,0.0,0.0,0.0,1,0,0,1,2019,2021,-1718.9999285714282,1.9136326946697025e-05,0.0007691363269466971,0.007519136326946696,1.9136326946697025e-05,899.0,858.0,667.0,899.0
Lithuania,Escherichia,141070.08,141070.08,0.0,0.0,0.0,2,0,1,1,2022,2025,5038.217142857142,0.0001604197040563496,0.0007604197040563496,0.00616041970405635,0.0001604197040563496,632.0,902.0,897.0,632.0
Lithuania,Clostridioides,106899.99,106899.99,0.0,0.0,0.0,1,1,1,0,2023,2026,6363.094642857143,0.0024265226013629854,0.0027765226013629855,0.0059265226013629855,0.0024265226013629854,395.0,409.0,981.0,395.0
Lithuania,Campylobacter,28378.38,28378.38,0.0,0.0,0.0,1,0,0,1,2022,2023,1013.5135714285714,3.227084950400986e-05,0.0006322708495040099,0.00603227084950401,3.227084950400986e-05,831.0,1018.0,956.0,831.0
Lithuania,Salmonella,28378.38,28378.38,0.0,0.0,0.0,1,0,1,0,2022,2023,1013.5135714285714,3.227084950400986e-05,0.0006322708495040099,0.00603227084950401,3.227084950400986e-05,831.0,1018.0,956.0,831.0
Malaysia,Trichophyton,249847.98,249847.98,0.0,0.0,0.0,1,1,0,1,2024,2029,20820.665,0.002782747957642901,0.0031327479576429007,0.006282747957642902,0.002782747957642901,343.0,355.0,874.0,343.0
Malaysia,Burkholderia,120145.5,120145.5,0.0,0.0,0.0,1,0,1,0,2017,2019,-10012.125,4.776746581711375e-05,0.0007977674658171137,0.007547767465817114,4.776746581711375e-05,780.0,757.0,567.0,780.0
Malta,Enterobacteriaceae,542593.56,542593.56,0.0,0.0,0.0,1,0,0,1,2023,2025,32297.23571428572,0.0008845460988951954,0.0014845460988951954,0.006884546098895196,0.0008845460988951954,476.0,485.0,813.0,476.0
Mexico,Candida,127498.7,0.0,127498.7,0.0,0.0,1,0,0,1,2018,2020,-7589.208333333333,0.0002777328127641772,0.0010277328127641773,0.007777732812764178,0.0002777328127641772,579.0,567.0,398.0,579.0
Mozambique,Pneumocystis,169650.0,169650.0,0.0,0.0,0.0,1,0,0,1,2021,2024,2019.642857142857,0.0001092728940199573,0.0007092728940199573,0.006109272894019958,0.0001092728940199573,670.0,980.0,913.0,670.0
Netherlands,Staphylococcus,81966096.215,8266315.345000001,0.0,73699780.87,0.0,19,0,11,8,2011,2025,-272177.3311904762,0.10328652288829604,0.10393652288829604,0.10978652288829603,0.10328652288829604,22.0,22.0,21.0,22.0
Netherlands,Escherichia,25925161.476666667,4327694.81,0.0,21597466.666666668,0.0,11,2,7,4,2010,2026,14143.94779761906,0.035822662727242015,0.036072662727242015,0.03832266272724202,0.035822662727242015,54.0,54.0,54.0,54.0
Netherlands,Pseudomonas,23810917.52166667,2213450.855,0.0,21597466.666666668,0.0,6,0,4,3,2013,2024,-55324.75815476191,0.030184679320603394,0.030834679320603395,0.036684679320603396,0.030184679320603394,62.0,62.0,57.0,62.0
Netherlands,Klebsiella,22940212.871666662,1342746.205,0.0,21597466.666666668,0.0,4,0,2,2,2015,2022,-88822.19470238096,0.029838504435937076,0.030488504435937078,0.03633850443593708,0.029838504435937076,64.0,63.0,58.0,64.0
Netherlands,Bordetella,19005000.0,0.0,0.0,19005000.0,0.0,1,0,0,1,2016,2021,0.0,0.025787050891675198,0.0266870508916752,0.0347870508916752,0.025787050891675198,74.0,72.0,62.0,74.0
Netherlands,Enterobacteriaceae,18919559.97,2016946.54,0.0,16902613.43,0.0,6,0,0,6,2011,2021,-96649.96916666666,0.023736312677265628,0.02438631267726563,0.03023631267726563,0.023736312677265628,78.0,77.0,71.0,78.0
Netherlands,Candida,11350026.145,11350026.145,0.0,0.0,0.0,5,1,2,3,2013,2026,-206619.70601190475,0.006764797340537997,0.007264797340537996,0.011764797340537994,0.006764797340537997,192.0,190.0,168.0,192.0
Netherlands,Aspergillus,7030622.15,7030622.15,0.0,0.0,0.0,8,5,10,1,2020,2027,50879.29583333335,0.015110122084710133,0.015460122084710133,0.01861012208471013,0.015110122084710133,113.0,113.0,113.0,113.0
Netherlands,Neisseria,4105269.435,872151.465,0.0,3233117.97,0.0,5,1,3,2,2012,2029,-9805.969523809516,0.006985878322440919,0.007385878322440919,0.010985878322440919,0.006985878322440919,188.0,187.0,185.0,188.0
Netherlands,Streptococcus,2893973.385,1664874.4449999998,487588.98,741509.96,0.0,11,0,9,2,2012,2025,-67022.02172619048,0.0027301676029930244,0.003130167602993024,0.006730167602993024,0.0027301676029930244,354.0,356.0,827.0,354.0
Netherlands,Clostridioides,1743328.505,398723.155,0.0,1344605.35,0.0,3,0,0,3,2014,2021,-126380.76220238097,0.001982960433014898,0.0026329604330148984,0.008482960433014898,0.001982960433014898,433.0,431.0,294.0,433.0
Netherlands,Clostridium,1743328.505,398723.155,0.0,1344605.35,0.0,3,0,3,0,2014,2021,-126380.76220238097,0.001982960433014898,0.0026329604330148984,0.008482960433014898,0.001982960433014898,433.0,431.0,294.0,433.0
Netherlands,Salmonella,1702886.225,1702886.225,0.0,0.0,0.0,2,0,1,1,2010,2025,-19732.14285714286,0.0006770337594260408,0.0014270337594260408,0.008177033759426041,0.0006770337594260408,509.0,500.0,331.0,509.0
Netherlands,Cryptococcus,1250271.92,1250271.92,0.0,0.0,0.0,1,0,0,1,2015,2019,0.0,0.0004970832965087928,0.0012470832965087927,0.007997083296508794,0.0004970832965087928,529.0,521.0,353.0,529.0
Netherlands,Enterococcus,1028955.56,1028955.56,0.0,0.0,0.0,4,0,0,4,2013,2025,-32462.160357142864,0.0004090923050770036,0.0011590923050770036,0.007909092305077003,0.0004090923050770036,547.0,534.0,366.0,547.0
Netherlands,Arteriviridae,880752.0,0.0,0.0,880752.0,0.0,1,0,0,1,2022,2025,31455.42857142857,0.0018464430107607535,0.0025964430107607538,0.009346443010760753,0.0018464430107607535,437.0,436.0,247.0,437.0
Netherlands,Not,799500.0,799500.0,0.0,0.0,0.0,1,0,0,1,2017,2020,-66625.0,0.00031786532929475045,0.0010678653292947504,0.00781786532929475,0.00031786532929475045,566.0,552.0,388.0,566.0
Netherlands,Acinetobacter,480328.4250000001,480328.4250000001,0.0,0.0,0.0,2,0,0,2,2017,2022,-37487.80303571429,0.0001909690468821187,0.0009409690468821187,0.007690969046882119,0.0001909690468821187,619.0,627.0,439.0,619.0
Netherlands,Enterobacter,480328.4250000001,480328.4250000001,0.0,0.0,0.0,2,0,0,2,2017,2022,-37487.80303571429,0.0001909690468821187,0.0009409690468821187,0.007690969046882119,0.0001909690468821187,619.0,627.0,439.0,619.0
Netherlands,Mucorales,140390.145,140390.145,0.0,0.0,0.0,1,1,0,1,2024,2027,11699.17875,0.0025503389888417195,0.0029003389888417196,0.006050338988841719,0.0025503389888417195,379.0,386.0,937.0,379.0
New Zealand,Staphylococcus,2243050.535,2243050.535,0.0,0.0,0.0,5,0,5,0,2015,2025,-3966.736666666665,0.0008917923663946733,0.0016417923663946733,0.008391792366394674,0.0008917923663946733,475.0,468.0,302.0,475.0
New Zealand,Pseudomonas,1171135.43,1116059.46,55075.97,0.0,0.0,3,0,2,1,2016,2023,-73575.87857142858,0.0005636961064691886,0.0010636961064691888,0.005563696106469189,0.0005636961064691886,521.0,555.0,1010.0,521.0
New Zealand,Neisseria,941945.07,941945.07,0.0,0.0,0.0,5,0,5,0,2019,2025,5059.102976190477,0.00047926421271574657,0.0010792642127157466,0.006479264212715747,0.00047926421271574657,532.0,547.0,851.0,532.0
New Zealand,Enterococcus,805812.48,805812.48,0.0,0.0,0.0,1,0,1,0,2020,2023,-9593.005714285717,0.0003203750460350463,0.0010703750460350464,0.007820375046035047,0.0003203750460350463,565.0,551.0,385.0,565.0
New Zealand,Escherichia,637015.195,637015.195,0.0,0.0,0.0,2,0,2,0,2016,2023,-7108.57130952381,0.00025326459627821724,0.0010032645962782174,0.007753264596278217,0.00025326459627821724,589.0,576.0,410.0,589.0
New Zealand,Streptococcus,561244.5,456124.5,105120.0,0.0,0.0,3,0,3,0,2015,2023,1251.428571428571,0.00043624590724243556,0.0007862459072424356,0.003936245907242435,0.00043624590724243556,541.0,779.0,1028.0,541.0
New Zealand,Salmonella,281480.0,0.0,281480.0,0.0,0.0,1,0,0,1,2016,2020,0.0,0.0006131531704782919,0.0013631531704782918,0.008113153170478293,0.0006131531704782919,517.0,509.0,341.0,517.0
New Zealand,Helicobacter,163633.05,163633.05,0.0,0.0,0.0,1,0,0,1,2021,2024,1948.0125,0.00010539732938881445,0.0007053973293888145,0.006105397329388814,0.00010539732938881445,676.0,983.0,918.0,676.0
New Zealand,Aspergillus,19049.99,19049.99,0.0,0.0,0.0,1,0,1,0,2023,2024,1133.9279761904763,3.105564750619687e-05,0.0006310556475061969,0.0060310556475061975,3.105564750619687e-05,838.0,1020.0,958.0,838.0
Nigeria,Escherichia,5498449.48,5498449.48,0.0,0.0,0.0,1,1,1,0,2024,2027,458204.12333333335,0.01392696675443652,0.014276966754436519,0.01742696675443652,0.01392696675443652,120.0,120.0,122.0,120.0
Nigeria,Klebsiella,3209768.99,3209768.99,0.0,0.0,0.0,1,1,1,0,2021,2026,38211.5355952381,0.004319689603698261,0.004669689603698261,0.007819689603698261,0.004319689603698261,255.0,255.0,386.0,255.0
Nigeria,Salmonella,3209768.99,3209768.99,0.0,0.0,0.0,1,1,1,0,2021,2026,38211.5355952381,0.004319689603698261,0.004669689603698261,0.007819689603698261,0.004319689603698261,255.0,255.0,386.0,255.0
Norway,Staphylococcus,6691459.090714285,6691459.090714285,0.0,0.0,0.0,17,1,13,4,2013,2027,-88129.58962301587,0.004912643555982393,0.005412643555982393,0.009912643555982393,0.004912643555982393,228.0,224.0,226.0,228.0
Norway,Klebsiella,4808484.675714286,2528484.6757142856,2280000.0,0.0,0.0,11,2,6,5,2017,2029,-180294.99186507936,0.010476346639854011,0.010726346639854013,0.012976346639854012,0.010476346639854011,149.0,149.0,156.0,149.0
Norway,Streptococcus,4022964.179047619,4022964.1790476185,0.0,0.0,0.0,8,1,9,1,2015,2027,-52021.95333333333,0.0038517029508313098,0.00435170295083131,0.008851702950831309,0.0038517029508313098,267.0,265.0,275.0,267.0
Norway,Enterococcus,2721716.2558333334,2721716.2558333334,0.0,0.0,0.0,11,1,9,3,2015,2028,-67866.05717261905,0.0033343526073583655,0.003834352607358366,0.008334352607358365,0.0033343526073583655,296.0,291.0,306.0,296.0
Norway,Aspergillus,1890341.96,1890341.96,0.0,0.0,0.0,3,0,3,0,2020,2025,-7328.240476190473,0.0007515624385179287,0.0015015624385179287,0.008251562438517929,0.0007515624385179287,493.0,483.0,317.0,493.0
Norway,Pseudomonas,1636802.259047619,1636802.2590476193,0.0,0.0,0.0,8,1,6,3,2013,2027,-20030.450912698416,0.0029030123386344447,0.0034030123386344447,0.007903012338634444,0.0029030123386344447,330.0,317.0,368.0,330.0
Norway,Escherichia,1482406.189047619,1311281.719047619,171124.47,0.0,0.0,9,1,7,2,2015,2027,-62405.09726190476,0.0031463554806609104,0.0033963554806609106,0.005646355480660911,0.0031463554806609104,305.0,320.0,1008.0,305.0
Norway,Campylobacter,1163110.0,1163110.0,0.0,0.0,0.0,1,0,1,0,2021,2025,13846.547619047618,0.0007491682626793548,0.0013491682626793548,0.0067491682626793555,0.0007491682626793548,494.0,511.0,824.0,494.0
Norway,Helicobacter,1144107.99,1144107.99,0.0,0.0,0.0,1,0,1,0,2018,2022,-68101.66607142857,0.0004548746253784929,0.0012048746253784928,0.007954874625378493,0.0004548746253784929,537.0,526.0,359.0,537.0
Norway,Enterobacteriaceae,679956.3808333334,679956.3808333334,0.0,0.0,0.0,6,1,0,6,2018,2027,-16335.944454365075,0.002522589411601413,0.0030225894116014135,0.007522589411601412,0.002522589411601413,381.0,369.0,646.0,381.0
Norway,Acinetobacter,604856.9433333334,604856.9433333334,0.0,0.0,0.0,4,0,0,4,2018,2023,-21030.13567460317,0.00024047911378219665,0.0009904791137821966,0.007740479113782197,0.00024047911378219665,595.0,598.0,416.0,595.0
Norway,Zymoseptoria,586385.0,586385.0,0.0,0.0,0.0,1,0,0,1,2021,2025,6980.773809523809,0.00037769517217738085,0.0009776951721773809,0.006377695172177381,0.00037769517217738085,557.0,604.0,861.0,557.0
Norway,Neisseria,316249.8,316249.8,0.0,0.0,0.0,2,0,2,0,2017,2023,-20877.96142857143,0.00012573464267216883,0.0008757346426721687,0.007625734642672169,0.00012573464267216883,656.0,658.0,470.0,656.0
Norway,Clostridioides,177302.4975,177302.4975,0.0,0.0,0.0,2,0,0,2,2018,2021,-10553.720089285713,7.049195341165625e-05,0.0008204919534116563,0.0075704919534116556,7.049195341165625e-05,720.0,705.0,514.0,720.0
Norway,Clostridium,177302.4975,177302.4975,0.0,0.0,0.0,2,0,2,0,2018,2021,-10553.720089285713,7.049195341165625e-05,0.0008204919534116563,0.0075704919534116556,7.049195341165625e-05,720.0,705.0,514.0,720.0
Norway,Burkholderia,167999.8457142857,167999.8457142857,0.0,0.0,0.0,1,1,1,0,2024,2027,13999.987142857142,0.0026089619469142626,0.0029589619469142627,0.006108961946914263,0.0026089619469142626,371.0,376.0,914.0,371.0
Norway,Salmonella,167999.8457142857,167999.8457142857,0.0,0.0,0.0,1,1,1,0,2024,2027,13999.987142857142,0.0026089619469142626,0.0029589619469142627,0.006108961946914263,0.0026089619469142626,371.0,376.0,914.0,371.0
Norway,Not,140893.74,140893.74,0.0,0.0,0.0,2,0,0,2,2021,2022,1677.3064285714286,9.07507616804917e-05,0.0006907507616804916,0.006090750761680491,9.07507616804917e-05,693.0,987.0,921.0,693.0
Norway,Enterobacter,125178.33,125178.33,0.0,0.0,0.0,1,0,0,1,2020,2022,-1490.2182142857146,4.976841911947085e-05,0.0007997684191194709,0.00754976841911947,4.976841911947085e-05,772.0,751.0,562.0,772.0
Norway,Candida,16999.96,16999.96,0.0,0.0,0.0,1,0,1,0,2023,2024,1011.902380952381,2.7713650525771746e-05,0.0006277136505257717,0.006027713650525772,2.7713650525771746e-05,854.0,1021.0,959.0,854.0
Pakistan,Salmonella,1004821.97,0.0,1004821.97,0.0,0.0,1,0,1,0,2017,2020,-83735.16416666665,0.0021888225688210285,0.0029388225688210283,0.009688822568821028,0.0021888225688210285,431.0,380.0,236.0,431.0
"Palestinian Territory, Occupied",Klebsiella,6979.5,0.0,6979.5,0.0,0.0,2,0,2,0,2018,2019,-361.0178571428572,1.5203575932049305e-05,0.0007652035759320493,0.007515203575932048,1.5203575932049305e-05,914.0,870.0,679.0,914.0
"Palestinian Territory, Occupied",Acinetobacter,2286.0,0.0,2286.0,0.0,0.0,1,0,1,0,2019,2019,-81.64285714285714,4.979636733385588e-06,0.0007549796367333856,0.007504979636733385,4.979636733385588e-06,978.0,933.0,741.0,978.0
"Palestinian Territory, Occupied",Enterococcus,2286.0,0.0,2286.0,0.0,0.0,1,0,1,0,2019,2019,-81.64285714285714,4.979636733385588e-06,0.0007549796367333856,0.007504979636733385,4.979636733385588e-06,978.0,933.0,741.0,978.0
"Palestinian Territory, Occupied",Pseudomonas,2286.0,0.0,2286.0,0.0,0.0,1,0,1,0,2019,2019,-81.64285714285714,4.979636733385588e-06,0.0007549796367333856,0.007504979636733385,4.979636733385588e-06,978.0,933.0,741.0,978.0
"Palestinian Territory, Occupied",Staphylococcus,2286.0,0.0,2286.0,0.0,0.0,1,0,1,0,2019,2019,-81.64285714285714,4.979636733385588e-06,0.0007549796367333856,0.007504979636733385,4.979636733385588e-06,978.0,933.0,741.0,978.0
Papua New Guinea,Chlamydia,1722234.875,1722234.875,0.0,0.0,0.0,2,0,0,2,2016,2021,0.0,0.0006847263985800856,0.0014347263985800855,0.008184726398580085,0.0006847263985800856,501.0,493.0,324.0,501.0
Papua New Guinea,Neisseria,1722234.875,1722234.875,0.0,0.0,0.0,2,0,0,2,2016,2021,0.0,0.0006847263985800856,0.0014347263985800855,0.008184726398580085,0.0006847263985800856,501.0,493.0,324.0,501.0
Peru,Campylobacter,659104.99,659104.99,0.0,0.0,0.0,1,1,3,0,2022,2027,23539.463928571426,0.003001762193962523,0.0033517621939625234,0.006501762193962523,0.003001762193962523,323.0,329.0,848.0,323.0
Philippines,Haemophilus,60127.99,0.0,0.0,60127.99,0.0,2,2,2,0,2025,2026,0.0,0.0045860895367667584,0.005236089536766758,0.011086089536766758,0.0045860895367667584,243.0,236.0,181.0,243.0
Philippines,Streptococcus,60127.99,0.0,0.0,60127.99,0.0,2,2,2,0,2025,2026,0.0,0.0045860895367667584,0.005236089536766758,0.011086089536766758,0.0045860895367667584,243.0,236.0,181.0,243.0
Poland,Staphylococcus,6556514.516238095,5579728.586238096,976785.93,0.0,0.0,38,3,18,23,2012,2027,-130593.77817006804,0.011102897216977983,0.011352897216977985,0.013602897216977982,0.011102897216977983,142.0,143.0,150.0,142.0
Poland,Candida,3827324.381333333,3827324.381333333,0.0,0.0,0.0,38,1,20,24,2012,2026,-13627.596301587304,0.0037739204508643186,0.004273920450864319,0.008773920450864319,0.0037739204508643186,270.0,266.0,279.0,270.0
Poland,Escherichia,2393537.2905,2393537.2905,0.0,0.0,0.0,22,4,11,11,2012,2027,82692.49382738095,0.011673055001788292,0.012023055001788291,0.015173055001788291,0.011673055001788292,136.0,136.0,138.0,136.0
Poland,Pseudomonas,2059726.4638333332,2059726.4638333332,0.0,0.0,0.0,26,0,14,12,2012,2025,-34395.41204563493,0.0008189063548261343,0.0015689063548261343,0.008318906354826135,0.0008189063548261343,484.0,472.0,308.0,484.0
Poland,Enterococcus,1585419.5975,1585419.5975,0.0,0.0,0.0,10,1,4,6,2014,2026,6697.761577380954,0.003021283039343888,0.0033712830393438876,0.0065212830393438885,0.003021283039343888,318.0,325.0,843.0,318.0
Poland,Enterobacteriaceae,1419813.64,1419813.64,0.0,0.0,0.0,3,1,0,3,2017,2028,32182.629999999997,0.0034831903490082374,0.0038331903490082374,0.0069831903490082375,0.0034831903490082374,290.0,293.0,810.0,290.0
Poland,Helicobacter,1275551.24,1275551.2399999998,0.0,0.0,0.0,6,3,6,0,2016,2028,44774.62,0.008191098014774498,0.008541098014774498,0.011691098014774498,0.008191098014774498,168.0,168.0,169.0,168.0
Poland,Klebsiella,1083670.149166667,1083670.149166667,0.0,0.0,0.0,11,1,5,6,2013,2026,15506.316855158731,0.003004207848802177,0.003354207848802177,0.0065042078488021775,0.003004207848802177,322.0,328.0,846.0,322.0
Poland,Streptococcus,997796.3029761903,997796.3029761903,0.0,0.0,0.0,9,1,7,3,2014,2026,-32811.83160005669,0.002648956255272404,0.003148956255272404,0.007648956255272404,0.002648956255272404,367.0,352.0,457.0,367.0
Poland,Pneumocystis,487640.93,487640.93,0.0,0.0,0.0,1,1,2,0,2024,2027,40636.74416666667,0.0032876475319647473,0.0036376475319647474,0.006787647531964747,0.0032876475319647473,298.0,300.0,821.0,298.0
Poland,Aspergillus,479261.66,479261.66,0.0,0.0,0.0,2,1,1,1,2021,2027,17556.243095238093,0.0028063575713521624,0.0031563575713521625,0.006306357571352162,0.0028063575713521624,340.0,350.0,869.0,340.0
Poland,Acinetobacter,410450.9525,410450.9525,0.0,0.0,0.0,5,0,4,3,2016,2025,-1686.943422619047,0.0001631871509390325,0.0009131871509390325,0.007663187150939032,0.0001631871509390325,630.0,637.0,450.0,630.0
Poland,Campylobacter,343351.28,343351.28,0.0,0.0,0.0,2,0,1,1,2015,2022,-7663.499285714285,0.0001365096531344266,0.0008865096531344265,0.007636509653134426,0.0001365096531344266,645.0,650.0,463.0,645.0
Poland,Fusarium,315628.19833333336,315628.19833333336,0.0,0.0,0.0,2,0,0,2,2017,2025,3540.621567460318,0.00019880785012693197,0.000798807850126932,0.006198807850126933,0.00019880785012693197,612.0,754.0,889.0,612.0
Poland,Salmonella,306946.6638095238,306946.6638095238,0.0,0.0,0.0,7,0,10,2,2014,2025,-402.569229024944,0.00012203590039742257,0.0008720359003974226,0.0076220359003974225,0.00012203590039742257,660.0,661.0,473.0,660.0
Poland,Corynebacterium,279331.23,279331.23,0.0,0.0,0.0,1,0,2,0,2017,2019,-23277.6025,0.0001110565521028864,0.0008610565521028864,0.007611056552102886,0.0001110565521028864,665.0,665.0,476.0,665.0
Poland,Cryptococcus,238022.72,238022.72,0.0,0.0,0.0,3,0,1,2,2016,2022,-7761.053214285714,9.463310853337359e-05,0.0008446331085333735,0.007594633108533373,9.463310853337359e-05,687.0,682.0,490.0,687.0
Poland,Clostridioides,216110.915,216110.915,0.0,0.0,0.0,4,0,0,4,2016,2021,-16997.984583333335,8.592140983197602e-05,0.000835921409831976,0.007585921409831976,8.592140983197602e-05,702.0,694.0,502.0,702.0
Poland,Enterobacter,175570.2,175570.2,0.0,0.0,0.0,3,0,0,3,2016,2022,-4483.142857142857,6.980322631312721e-05,0.0008198032263131271,0.007569803226313128,6.980322631312721e-05,723.0,708.0,517.0,723.0
Poland,Prevotella,159649.83,159649.83,0.0,0.0,0.0,1,0,2,0,2016,2019,0.0,6.34736032330218e-05,0.0008134736032330218,0.007563473603233022,6.34736032330218e-05,745.0,728.0,538.0,745.0
Poland,Trichophyton,86237.28166666666,86237.28166666666,0.0,0.0,0.0,3,0,0,3,2017,2020,-6896.145853174602,3.4286231312644335e-05,0.0007842862313126443,0.007534286231312644,3.4286231312644335e-05,812.0,783.0,591.0,812.0
Poland,Epidermophyton,71767.92333333332,71767.92333333332,0.0,0.0,0.0,1,0,0,1,2017,2020,-5980.660277777777,2.8533501667480177e-05,0.0007785335016674802,0.007528533501667481,2.8533501667480177e-05,847.0,810.0,617.0,847.0
Poland,Microsporum,71767.92333333332,71767.92333333332,0.0,0.0,0.0,1,0,0,1,2017,2020,-5980.660277777777,2.8533501667480177e-05,0.0007785335016674802,0.007528533501667481,2.8533501667480177e-05,847.0,810.0,617.0,847.0
Poland,Bordetella,71342.64,71342.64,0.0,0.0,0.0,1,0,1,0,2014,2019,0.0,2.836441745635627e-05,0.0007783644174563563,0.007528364417456357,2.836441745635627e-05,850.0,813.0,620.0,850.0
Poland,Shigella,63556.86,63556.86,0.0,0.0,0.0,1,0,0,1,2014,2018,0.0,2.5268945882226835e-05,0.0007752689458822268,0.007525268945882227,2.5268945882226835e-05,867.0,828.0,635.0,867.0
Poland,Vibrio,63556.86,63556.86,0.0,0.0,0.0,1,0,0,1,2014,2018,0.0,2.5268945882226835e-05,0.0007752689458822268,0.007525268945882227,2.5268945882226835e-05,867.0,828.0,635.0,867.0
Poland,Gram,51455.98,51455.98,0.0,0.0,0.0,1,0,0,2,2021,2024,612.5711904761906,3.314319981864452e-05,0.0006331431998186446,0.006033143199818645,3.314319981864452e-05,822.0,1013.0,952.0,822.0
Poland,Bacteroides,41549.98,41549.98,0.0,0.0,0.0,1,0,1,0,2017,2020,-3462.498333333334,1.651944724814296e-05,0.0007665194472481429,0.007516519447248142,1.651944724814296e-05,908.0,866.0,675.0,908.0
Poland,Stenotrophomonas,37614.85,37614.85,0.0,0.0,0.0,1,0,1,0,2017,2021,-3134.5708333333337,1.495491767557554e-05,0.0007649549176755755,0.007514954917675575,1.495491767557554e-05,917.0,872.0,681.0,917.0
Poland,Borrelia,29583.358571428573,29583.358571428573,0.0,0.0,0.0,1,0,1,0,2022,2025,1056.5485204081633,3.364110679615015e-05,0.0006336411067961502,0.00603364110679615,3.364110679615015e-05,820.0,1011.0,950.0,820.0
Poland,Yersinia,29583.358571428573,29583.358571428573,0.0,0.0,0.0,1,0,1,0,2022,2025,1056.5485204081633,3.364110679615015e-05,0.0006336411067961502,0.00603364110679615,3.364110679615015e-05,820.0,1011.0,950.0,820.0
Poland,Clostridium,16930.315000000002,16930.315000000002,0.0,0.0,0.0,2,0,2,0,2017,2018,-1410.8595833333336,6.731157163901006e-06,0.0007567311571639009,0.007506731157163901,6.731157163901006e-06,969.0,924.0,732.0,969.0
Poland,Chlamydia,893.4166666666666,893.4166666666666,0.0,0.0,0.0,1,0,1,0,2015,2017,0.0,3.5520473164154886e-07,0.0007503552047316414,0.007500355204731642,3.5520473164154886e-07,1009.0,966.0,773.0,1009.0
Poland,Neisseria,893.4166666666666,893.4166666666666,0.0,0.0,0.0,1,0,1,0,2015,2017,0.0,3.5520473164154886e-07,0.0007503552047316414,0.007500355204731642,3.5520473164154886e-07,1009.0,966.0,773.0,1009.0
Portugal,Staphylococcus,11974589.2755,11136328.610833332,0.0,838260.6646666666,0.0,30,4,29,4,2013,2029,9771.362549603164,0.0147763398837707,0.0150263398837707,0.017276339883770704,0.0147763398837707,115.0,115.0,124.0,115.0
Portugal,Escherichia,2394569.861833333,1556309.1971666664,0.0,838260.6646666666,0.0,13,3,6,7,2018,2027,26026.654375,0.009051881958014854,0.009301881958014855,0.011551881958014855,0.009051881958014854,156.0,156.0,172.0,156.0
Portugal,Streptococcus,2097393.150166667,1231793.6541666668,50411.5,815187.996,0.0,8,1,9,0,2017,2026,8042.246478174608,0.0041244355677544295,0.0041244355677544295,0.0041244355677544295,0.0041244355677544295,259.0,270.0,1026.0,259.0
Portugal,Klebsiella,1863333.9751666668,974661.8105,50411.5,838260.6646666666,0.0,9,4,5,4,2017,2027,38352.93723214286,0.01143795175049031,0.01143795175049031,0.01143795175049031,0.01143795175049031,139.0,141.0,175.0,139.0
Portugal,Campylobacter,1175056.3533333333,1175056.3533333333,0.0,0.0,0.0,7,0,4,4,2015,2023,-56827.259047619045,0.0004671790802904173,0.0012171790802904172,0.007967179080290418,0.0004671790802904173,534.0,523.0,357.0,534.0
Portugal,Salmonella,901192.3533333332,901192.3533333332,0.0,0.0,0.0,3,0,4,1,2018,2024,26652.108809523805,0.0009102167351484683,0.0015102167351484683,0.006910216735148468,0.0009102167351484683,474.0,481.0,812.0,474.0
Portugal,Clostridioides,808234.53,808234.5299999999,0.0,0.0,0.0,4,2,2,2,2018,2026,15157.135119047614,0.005139721397433265,0.0054897213974332655,0.008639721397433265,0.005139721397433265,221.0,220.0,285.0,221.0
Portugal,Listeria,716006.71,716006.7100000001,0.0,0.0,0.0,4,0,7,0,2014,2021,-32465.656547619048,0.00028467005459837513,0.0010346700545983752,0.007784670054598375,0.00028467005459837513,576.0,564.0,396.0,576.0
Portugal,Candida,713862.31,713862.31,0.0,0.0,0.0,5,3,6,1,2018,2027,33331.50476190476,0.0077308138909386115,0.00808081389093861,0.011230813890938612,0.0077308138909386115,174.0,173.0,179.0,174.0
Portugal,Aspergillus,432195.5,432195.5,0.0,0.0,0.0,2,1,1,1,2023,2026,25725.92261904762,0.002956825383354395,0.0033068253833543953,0.006456825383354395,0.002956825383354395,328.0,334.0,855.0,328.0
Portugal,Helicobacter,391270.8,391270.8,0.0,0.0,0.0,3,0,3,0,2014,2021,-19483.86607142857,0.00015556150304617942,0.0009055615030461794,0.007655561503046179,0.00015556150304617942,634.0,640.0,453.0,634.0
Portugal,Pseudomonas,348946.718,348946.718,0.0,0.0,0.0,10,0,9,1,2018,2025,10854.359404761904,0.0003635098960008188,0.0009635098960008189,0.0063635098960008185,0.0003635098960008188,561.0,614.0,864.0,561.0
Portugal,Clostridium,276797.33,276797.33,0.0,0.0,0.0,2,0,2,0,2018,2021,-16476.031547619048,0.0001100491237627989,0.0008600491237627989,0.007610049123762799,0.0001100491237627989,667.0,667.0,478.0,667.0
Portugal,Acinetobacter,264606.14,264606.14,0.0,0.0,0.0,4,0,4,0,2018,2024,914.0488095238092,0.00012413056890613424,0.0007241305689061344,0.006124130568906134,0.00012413056890613424,658.0,974.0,906.0,658.0
Portugal,Proteus,199292.4933333333,199292.4933333333,0.0,0.0,0.0,1,0,2,0,2021,2024,2372.529682539682,0.00012836585619208,0.00072836585619208,0.00612836585619208,0.00012836585619208,652.0,971.0,903.0,652.0
Portugal,Vibrio,137944.015,137944.015,0.0,0.0,0.0,1,0,1,0,2018,2021,-8210.953273809524,5.4843802066560354e-05,0.0008048438020665603,0.007554843802066561,5.4843802066560354e-05,758.0,738.0,549.0,758.0
Portugal,Enterococcus,114569.653,114569.653,0.0,0.0,0.0,3,0,3,1,2016,2024,2664.2855952380955,0.0001007235131012843,0.0007007235131012842,0.006100723513101284,0.0001007235131012843,679.0,985.0,919.0,679.0
Portugal,Enterobacteriaceae,102044.295,102044.295,0.0,0.0,0.0,2,0,0,2,2016,2021,-3272.2999999999997,4.057078603230226e-05,0.0007905707860323022,0.007540570786032302,4.057078603230226e-05,790.0,767.0,576.0,790.0
Portugal,Chlamydia,92543.08666666668,92543.08666666668,0.0,0.0,0.0,1,0,1,0,2018,2021,-5508.517063492063,3.67932942054442e-05,0.0007867932942054441,0.007536793294205445,3.67932942054442e-05,800.0,776.0,585.0,800.0
Portugal,Neisseria,92543.08666666668,92543.08666666668,0.0,0.0,0.0,1,0,1,0,2018,2021,-5508.517063492063,3.67932942054442e-05,0.0007867932942054441,0.007536793294205445,3.67932942054442e-05,800.0,776.0,585.0,800.0
Portugal,Haemophilus,28425.0,28425.0,0.0,0.0,0.0,1,0,1,0,2022,2023,1015.1785714285714,3.232386405254564e-05,0.0006323238640525456,0.006032323864052546,3.232386405254564e-05,830.0,1017.0,955.0,830.0
Portugal,Enterobacter,10649.998,10649.998,0.0,0.0,0.0,1,0,0,1,2023,2024,633.9284523809524,1.7361824537949974e-05,0.0006173618245379499,0.00601736182453795,1.7361824537949974e-05,904.0,1025.0,963.0,904.0
Qatar,Acinetobacter,0.0,0.0,0.0,0.0,0.0,2,0,1,1,2020,2024,0.0,0.0,0.001,0.01,,1013.0,577.0,203.0,
Qatar,Candida,0.0,0.0,0.0,0.0,0.0,2,0,6,0,2014,2018,0.0,0.0,0.001,0.01,,1013.0,577.0,203.0,
Qatar,Cryptococcus,0.0,0.0,0.0,0.0,0.0,1,0,0,1,2014,2017,0.0,0.0,0.001,0.01,,1013.0,577.0,203.0,
Qatar,Enterobacter,0.0,0.0,0.0,0.0,0.0,1,0,0,1,2020,2024,0.0,0.0,0.001,0.01,,1013.0,577.0,203.0,
Qatar,Enterococcus,0.0,0.0,0.0,0.0,0.0,1,0,0,1,2020,2024,0.0,0.0,0.001,0.01,,1013.0,577.0,203.0,
Qatar,Klebsiella,0.0,0.0,0.0,0.0,0.0,1,0,0,1,2020,2024,0.0,0.0,0.001,0.01,,1013.0,577.0,203.0,
Qatar,Pseudomonas,0.0,0.0,0.0,0.0,0.0,2,0,2,0,2020,2024,0.0,0.0,0.001,0.01,,1013.0,577.0,203.0,
Qatar,Salmonella,0.0,0.0,0.0,0.0,0.0,1,0,0,1,2015,2017,0.0,0.0,0.001,0.01,,1013.0,577.0,203.0,
Qatar,Staphylococcus,0.0,0.0,0.0,0.0,0.0,1,0,1,0,2020,2024,0.0,0.0,0.001,0.01,,1013.0,577.0,203.0,
Qatar,Streptococcus,0.0,0.0,0.0,0.0,0.0,1,0,1,0,2013,2018,0.0,0.0,0.001,0.01,,1013.0,577.0,203.0,
Qatar,Trichophyton,0.0,0.0,0.0,0.0,0.0,1,0,0,1,2014,2017,0.0,0.0,0.001,0.01,,1013.0,577.0,203.0,
Romania,Enterobacteriaceae,482029.98,482029.98,0.0,0.0,0.0,1,0,0,1,2017,2020,-40169.165,0.00019164555137291054,0.0009416455513729105,0.007691645551372911,0.00019164555137291054,618.0,626.0,438.0,618.0
Romania,Campylobacter,51714.926666666666,51714.926666666666,0.0,0.0,0.0,1,0,0,1,2022,2023,1846.9616666666664,5.8808311664404594e-05,0.0006588083116644046,0.006058808311664405,5.8808311664404594e-05,750.0,994.0,931.0,750.0
Romania,Escherichia,51714.926666666666,51714.926666666666,0.0,0.0,0.0,1,0,0,1,2022,2023,1846.9616666666664,5.8808311664404594e-05,0.0006588083116644046,0.006058808311664405,5.8808311664404594e-05,750.0,994.0,931.0,750.0
Romania,Salmonella,51714.926666666666,51714.926666666666,0.0,0.0,0.0,1,0,1,0,2022,2023,1846.9616666666664,5.8808311664404594e-05,0.0006588083116644046,0.006058808311664405,5.8808311664404594e-05,750.0,994.0,931.0,750.0
Russian Federation,Staphylococcus,1584995.238095238,1584995.238095238,0.0,0.0,0.0,17,0,18,1,2015,2022,-65057.76643990929,0.0006301626432617314,0.0013801626432617313,0.008130162643261732,0.0006301626432617314,516.0,508.0,340.0,516.0
Russian Federation,Klebsiella,1212750.0,1212750.0,0.0,0.0,0.0,13,0,11,5,2015,2023,-38558.92857142857,0.0004821653259564836,0.0012321653259564835,0.007982165325956483,0.0004821653259564836,530.0,522.0,354.0,530.0
Russian Federation,Candida,1120428.5714285714,1120428.5714285714,0.0,0.0,0.0,5,0,8,1,2018,2023,-14610.544217687073,0.0004454601586096181,0.0011954601586096182,0.007945460158609618,0.0004454601586096181,539.0,529.0,362.0,539.0
Russian Federation,Pseudomonas,1101178.5714285714,1101178.5714285714,0.0,0.0,0.0,13,0,8,5,2015,2023,-21871.8537414966,0.00043780674073729296,0.001187806740737293,0.007937806740737293,0.00043780674073729296,540.0,530.0,363.0,540.0
Russian Federation,Acinetobacter,1039500.0,1039500.0,0.0,0.0,0.0,8,0,5,3,2015,2023,-33327.380952380954,0.0004132845651055574,0.0011632845651055575,0.007913284565105557,0.0004132845651055574,545.0,532.0,365.0,545.0
Russian Federation,Escherichia,953333.3333333333,953333.3333333334,0.0,0.0,0.0,12,0,8,5,2015,2022,-45833.333333333336,0.0003790264089151496,0.0011290264089151496,0.007879026408915149,0.0003790264089151496,555.0,540.0,375.0,555.0
Russian Federation,Aspergillus,502464.2857142857,502464.2857142857,0.0,0.0,0.0,6,0,6,2,2016,2022,-23590.136054421768,0.00019976982568783365,0.0009497698256878337,0.007699769825687833,0.00019976982568783365,611.0,620.0,432.0,611.0
Russian Federation,Serratia,484000.0,484000.0,0.0,0.0,0.0,3,0,5,1,2016,2020,-20559.52380952381,0.00019242879221846056,0.0009424287922184606,0.00769242879221846,0.00019242879221846056,617.0,625.0,437.0,617.0
Russian Federation,Yersinia,338250.0,338250.0,0.0,0.0,0.0,3,0,3,0,2015,2021,-8937.5,0.00013448148547085597,0.0008844814854708559,0.0076344814854708565,0.00013448148547085597,646.0,651.0,464.0,646.0
Russian Federation,Neisseria,330000.0,330000.0,0.0,0.0,0.0,3,0,3,0,2015,2021,-13095.238095238095,0.00013120144923985948,0.0008812014492398594,0.0076312014492398595,0.00013120144923985948,650.0,654.0,467.0,650.0
Russian Federation,Enterococcus,287361.9047619048,287361.90476190473,0.0,0.0,0.0,5,0,2,4,2017,2022,-9863.832199546488,0.00011424938897299509,0.000864249388972995,0.0076142493889729945,0.00011424938897299509,663.0,663.0,474.0,663.0
Russian Federation,Microsporum,264000.0,264000.0,0.0,0.0,0.0,1,0,0,1,2017,2019,-22000.0,0.00010496115939188759,0.0008549611593918875,0.007604961159391887,0.00010496115939188759,677.0,672.0,482.0,677.0
Russian Federation,Streptococcus,249333.3333333333,249333.3333333333,0.0,0.0,0.0,5,0,4,2,2015,2018,-3666.6666666666665,9.912998387011604e-05,0.0008491299838701159,0.007599129983870115,9.912998387011604e-05,682.0,675.0,485.0,682.0
Russian Federation,Listeria,224714.2857142857,224714.2857142857,0.0,0.0,0.0,2,0,2,0,2018,2022,-11579.931972789116,8.934193924428526e-05,0.0008393419392442852,0.007589341939244286,8.934193924428526e-05,697.0,690.0,498.0,697.0
Russian Federation,Salmonella,194333.3333333333,194333.3333333333,0.0,0.0,0.0,2,0,1,1,2019,2021,-6242.063492063493,7.72630756634728e-05,0.0008272630756634728,0.007577263075663473,7.72630756634728e-05,708.0,699.0,509.0,708.0
Russian Federation,Mycoplasma,176000.0,176000.0,0.0,0.0,0.0,1,0,1,0,2017,2018,-14666.666666666666,6.997410626125838e-05,0.0008199741062612583,0.007569974106261259,6.997410626125838e-05,722.0,707.0,516.0,722.0
Russian Federation,Enterobacteriaceae,165000.0,165000.0,0.0,0.0,0.0,1,0,0,1,2018,2019,-9821.42857142857,6.560072461992974e-05,0.0008156007246199297,0.0075656007246199305,6.560072461992974e-05,731.0,715.0,524.0,731.0
Russian Federation,Treponema,132000.0,132000.0,0.0,0.0,0.0,1,0,1,0,2017,2019,-11000.0,5.2480579695943794e-05,0.0008024805796959438,0.007552480579695944,5.2480579695943794e-05,764.0,744.0,555.0,764.0
Russian Federation,Campylobacter,117333.33333333331,117333.33333333331,0.0,0.0,0.0,2,0,4,0,2015,2017,0.0,4.664940417417225e-05,0.0007966494041741722,0.007546649404174172,4.664940417417225e-05,782.0,759.0,568.0,782.0
Russian Federation,Bacillus,103714.28571428572,103714.28571428572,0.0,0.0,0.0,2,0,2,0,2020,2022,-1234.6938775510205,4.1234741189670124e-05,0.00079123474118967,0.0075412347411896695,4.1234741189670124e-05,788.0,765.0,574.0,788.0
Russian Federation,Haemophilus,88000.0,88000.0,0.0,0.0,0.0,2,0,1,1,2019,2022,-2514.285714285714,3.498705313062919e-05,0.0007849870531306291,0.007534987053130628,3.498705313062919e-05,806.0,780.0,588.0,806.0
Russian Federation,Clostridioides,77000.0,77000.0,0.0,0.0,0.0,1,0,0,1,2019,2022,-2750.0,3.0613671489300544e-05,0.0007806136714893005,0.0075306136714893,3.0613671489300544e-05,843.0,806.0,613.0,843.0
Russian Federation,Citrobacter,70714.28571428571,70714.28571428571,0.0,0.0,0.0,2,0,3,0,2015,2019,-1590.136054421769,2.8114596265684172e-05,0.0007781145962656841,0.007528114596265683,2.8114596265684172e-05,853.0,816.0,623.0,853.0
Russian Federation,Aeromonas,66000.0,66000.0,0.0,0.0,0.0,1,0,1,0,2020,2022,-785.7142857142857,2.6240289847971897e-05,0.0007762402898479719,0.007526240289847972,2.6240289847971897e-05,862.0,823.0,630.0,862.0
Russian Federation,Chlamydia,66000.0,66000.0,0.0,0.0,0.0,1,0,1,0,2020,2022,-785.7142857142857,2.6240289847971897e-05,0.0007762402898479719,0.007526240289847972,2.6240289847971897e-05,862.0,823.0,630.0,862.0
Russian Federation,Cryptococcus,61600.0,61600.0,0.0,0.0,0.0,1,0,0,1,2019,2022,-2200.0,2.4490937191440435e-05,0.0007744909371914404,0.007524490937191441,2.4490937191440435e-05,870.0,830.0,637.0,870.0
Russian Federation,Shigella,58666.66666666666,58666.66666666666,0.0,0.0,0.0,1,0,1,0,2017,2018,-4888.888888888889,2.3324702087086126e-05,0.0007733247020870861,0.007523324702087086,2.3324702087086126e-05,872.0,832.0,640.0,872.0
Russian Federation,Morganella,44000.0,44000.0,0.0,0.0,0.0,1,0,1,0,2020,2021,-523.8095238095239,1.7493526565314596e-05,0.0007674935265653145,0.007517493526565314,1.7493526565314596e-05,903.0,862.0,671.0,903.0
Russian Federation,Alternaria,35750.0,35750.0,0.0,0.0,0.0,1,0,0,1,2016,2018,0.0,1.421349033431811e-05,0.0007642134903343181,0.007514213490334319,1.421349033431811e-05,921.0,876.0,685.0,921.0
Russian Federation,Achromobacter,26714.285714285717,26714.285714285717,0.0,0.0,0.0,1,0,1,0,2018,2019,-1590.136054421769,1.0621069700369578e-05,0.0007606210697003696,0.007510621069700369,1.0621069700369578e-05,944.0,898.0,707.0,944.0
Russian Federation,Burkholderia,26714.285714285717,26714.285714285717,0.0,0.0,0.0,1,0,1,0,2018,2019,-1590.136054421769,1.0621069700369578e-05,0.0007606210697003696,0.007510621069700369,1.0621069700369578e-05,944.0,898.0,707.0,944.0
Russian Federation,Legionella,26400.0,26400.0,0.0,0.0,0.0,1,0,1,0,2020,2022,-314.2857142857143,1.0496115939188758e-05,0.0007604961159391887,0.007510496115939189,1.0496115939188758e-05,946.0,900.0,709.0,946.0
Russian Federation,Vibrio,19250.0,19250.0,0.0,0.0,0.0,1,0,1,0,2019,2021,-687.5,7.653417872325136e-06,0.0007576534178723251,0.007507653417872325,7.653417872325136e-06,966.0,921.0,729.0,966.0
Singapore,Enterococcus,100920.0,100920.0,0.0,0.0,0.0,2,0,5,0,2016,2022,0.0,4.01237886584443e-05,0.0007901237886584443,0.007540123788658443,4.01237886584443e-05,792.0,769.0,578.0,792.0
Singapore,Escherichia,25230.0,25230.0,0.0,0.0,0.0,2,0,1,1,2016,2020,0.0,1.0030947164611075e-05,0.000760030947164611,0.0075100309471646115,1.0030947164611075e-05,957.0,912.0,720.0,957.0
Singapore,Acinetobacter,0.0,0.0,0.0,0.0,0.0,1,0,1,0,2017,2020,0.0,0.0,0.001,0.01,,1013.0,577.0,203.0,
Singapore,Enterobacteriaceae,0.0,0.0,0.0,0.0,0.0,4,0,0,4,2016,2022,0.0,0.0,0.001,0.01,,1013.0,577.0,203.0,
Singapore,Pseudomonas,0.0,0.0,0.0,0.0,0.0,1,0,1,0,2017,2020,0.0,0.0,0.001,0.01,,1013.0,577.0,203.0,
Singapore,Staphylococcus,0.0,0.0,0.0,0.0,0.0,1,0,1,0,2014,2018,0.0,0.0,0.001,0.01,,1013.0,577.0,203.0,
Singapore,Streptococcus,0.0,0.0,0.0,0.0,0.0,2,0,1,1,2019,2024,0.0,0.0,0.001,0.01,,1013.0,577.0,203.0,
Slovakia,Staphylococcus,415070.278,415070.278,0.0,0.0,0.0,7,2,4,3,2016,2026,-2869.355785714284,0.004669528207565084,0.0051695282075650845,0.009669528207565085,0.004669528207565084,241.0,240.0,237.0,241.0
Slovakia,Candida,320696.82,320696.82,0.0,0.0,0.0,5,1,2,3,2015,2026,1856.291428571428,0.0024181956289498524,0.0027681956289498525,0.0059181956289498525,0.0024181956289498524,396.0,410.0,982.0,396.0
Slovakia,Enterococcus,146071.08,146071.08,0.0,0.0,0.0,3,1,0,3,2016,2026,-4281.432142857142,0.002310327214034166,0.002810327214034166,0.0073103272140341655,0.002310327214034166,414.0,400.0,788.0,414.0
Slovakia,Escherichia,100610.998,100610.998,0.0,0.0,0.0,2,1,1,1,2017,2026,-2802.1069761904764,0.0022922531878494298,0.0027922531878494298,0.007292253187849429,0.0022922531878494298,423.0,405.0,790.0,423.0
Slovakia,Acinetobacter,84796.12,84796.12,0.0,0.0,0.0,1,0,0,1,2017,2020,-7066.343333333333,3.3713254042172824e-05,0.0007837132540421728,0.007533713254042174,3.3713254042172824e-05,816.0,788.0,595.0,816.0
Slovakia,Klebsiella,84796.12,84796.12,0.0,0.0,0.0,1,0,0,1,2017,2020,-7066.343333333333,3.3713254042172824e-05,0.0007837132540421728,0.007533713254042174,3.3713254042172824e-05,816.0,788.0,595.0,816.0
Slovakia,Pseudomonas,84796.12,84796.12,0.0,0.0,0.0,1,0,0,1,2017,2020,-7066.343333333333,3.3713254042172824e-05,0.0007837132540421728,0.007533713254042174,3.3713254042172824e-05,816.0,788.0,595.0,816.0
Slovakia,Streptococcus,81429.178,81429.178,0.0,0.0,0.0,2,0,1,1,2016,2021,-4476.749833333332,3.2374624739425704e-05,0.0007823746247394257,0.007532374624739425,3.2374624739425704e-05,829.0,796.0,603.0,829.0
Slovakia,Corynebacterium,53720.998,53720.998,0.0,0.0,0.0,1,0,1,0,2017,2021,-4476.749833333332,2.135840240064119e-05,0.0007713584024006412,0.007521358402400641,2.135840240064119e-05,882.0,842.0,651.0,882.0
Slovakia,Enterobacteriaceae,53720.998,53720.998,0.0,0.0,0.0,1,0,0,1,2017,2021,-4476.749833333332,2.135840240064119e-05,0.0007713584024006412,0.007521358402400641,2.135840240064119e-05,882.0,842.0,651.0,882.0
Slovenia,Helicobacter,1284358.42,1284358.42,0.0,0.0,0.0,1,0,1,0,2022,2025,45869.94357142857,0.0014605251350157367,0.002060525135015737,0.007460525135015737,0.0014605251350157367,447.0,449.0,777.0,447.0
Slovenia,Coronaviridae,293478.72,293478.72,0.0,0.0,0.0,1,0,0,1,2023,2025,17468.971428571425,0.00047843446001230697,0.001078434460012307,0.006478434460012307,0.00047843446001230697,533.0,548.0,853.0,533.0
South Africa,Streptococcus,12729571.93,2703833.76,10025738.17,0.0,0.0,9,1,4,5,2014,2029,-46317.94571428575,0.025166496631182148,0.02541649663118215,0.02766649663118215,0.025166496631182148,76.0,76.0,75.0,76.0
South Africa,Candida,6876066.5,0.0,6876066.5,0.0,0.0,1,1,3,0,2025,2030,0.0,0.017230517048666107,0.017730517048666107,0.02223051704866611,0.017230517048666107,100.0,100.0,92.0,100.0
South Africa,Neisseria,3061602.98,0.0,3061602.98,0.0,0.0,2,1,0,2,2019,2027,243037.98880952373,0.013954309307927508,0.014304309307927508,0.017454309307927508,0.013954309307927508,119.0,119.0,121.0,119.0
South Africa,Escherichia,1551852.8233333332,232854.92,1318997.903333333,0.0,0.0,3,2,2,1,2020,2029,16432.75523809524,0.007810575747834491,0.007910575747834492,0.008810575747834492,0.007810575747834491,172.0,175.0,276.0,172.0
South Africa,Klebsiella,1447020.911904762,97973.01857142858,1349047.8933333333,0.0,0.0,5,1,5,0,2020,2029,2840.9987074829933,0.005288693068139882,0.005388693068139882,0.0062886930681398815,0.005288693068139882,215.0,225.0,873.0,215.0
South Africa,Cryptococcus,1276784.725,1276784.725,0.0,0.0,0.0,1,1,0,1,2024,2029,106398.72708333336,0.0049632159883644285,0.005313215988364429,0.008463215988364428,0.0049632159883644285,225.0,231.0,299.0,225.0
South Africa,Pneumocystis,932972.27,0.0,932972.27,0.0,0.0,1,0,0,1,2018,2023,-55534.0636904762,0.002032311017901197,0.002782311017901197,0.009532311017901196,0.002032311017901197,432.0,408.0,242.0,432.0
South Africa,Staphylococcus,362897.84857142856,362897.84857142856,0.0,0.0,0.0,2,0,2,0,2018,2023,-20395.997721088435,0.0001442809807836318,0.0008942809807836318,0.007644280980783631,0.0001442809807836318,640.0,645.0,459.0,640.0
South Africa,Salmonella,72666.66,72666.66,0.0,0.0,0.0,1,0,1,0,2023,2025,4325.396428571428,0.00011846253874215449,0.0007184625387421545,0.006118462538742155,0.00011846253874215449,661.0,975.0,907.0,661.0
South Africa,Acinetobacter,25306.358571428573,25306.358571428573,0.0,0.0,0.0,1,0,1,0,2020,2023,-301.2661734693877,1.0061305816833238e-05,0.0007600613058168333,0.007510061305816834,1.0061305816833238e-05,953.0,908.0,716.0,953.0
South Africa,Enterobacter,25306.358571428573,25306.358571428573,0.0,0.0,0.0,1,0,0,1,2020,2023,-301.2661734693877,1.0061305816833238e-05,0.0007600613058168333,0.007510061305816834,1.0061305816833238e-05,953.0,908.0,716.0,953.0
South Africa,Enterococcus,25306.358571428573,25306.358571428573,0.0,0.0,0.0,1,0,1,0,2020,2023,-301.2661734693877,1.0061305816833238e-05,0.0007600613058168333,0.007510061305816834,1.0061305816833238e-05,953.0,908.0,716.0,953.0
South Africa,Pseudomonas,25306.358571428573,25306.358571428573,0.0,0.0,0.0,1,0,1,0,2020,2023,-301.2661734693877,1.0061305816833238e-05,0.0007600613058168333,0.007510061305816834,1.0061305816833238e-05,953.0,908.0,716.0,953.0
Spain,Pseudomonas,8367272.578166666,6718088.258166666,0.0,1649184.32,0.0,56,8,28,28,2014,2027,48064.46222023809,0.02392203694572204,0.02417203694572204,0.02642203694572204,0.02392203694572204,77.0,78.0,77.0,77.0
Spain,Klebsiella,8107066.5765,6457882.256499999,0.0,1649184.32,0.0,38,4,26,12,2014,2026,3343.508609126973,0.013883479131103474,0.014133479131103473,0.016383479131103475,0.013883479131103474,122.0,122.0,128.0,122.0
Spain,Staphylococcus,5295661.435,5295661.435,0.0,0.0,0.0,44,4,27,19,2014,2027,46721.92117063493,0.012081991624716118,0.012431991624716119,0.015581991624716117,0.012081991624716118,132.0,132.0,136.0,132.0
Spain,Pneumocystis,5093560.9225,5093560.9225,0.0,0.0,0.0,4,2,4,1,2019,2027,-100102.02818452384,0.006529603216090915,0.007029603216090916,0.011529603216090915,0.006529603216090915,197.0,194.0,173.0,197.0
Spain,Escherichia,3405500.254833333,3405500.254833333,0.0,0.0,0.0,37,2,20,17,2014,2028,30055.540851190475,0.006480863727384377,0.006830863727384376,0.009980863727384374,0.006480863727384377,198.0,199.0,221.0,198.0
Spain,Acinetobacter,3167992.2815,1518807.9615,0.0,1649184.32,0.0,26,4,15,11,2014,2027,-55284.90355357142,0.011850562771295621,0.012250562771295622,0.015850562771295623,0.011850562771295621,135.0,134.0,132.0,135.0
Spain,Streptococcus,2533874.5283333333,2533874.5283333333,0.0,0.0,0.0,16,0,4,12,2014,2024,3011.711190476192,0.001069785708742713,0.001669785708742713,0.007069785708742714,0.001069785708742713,465.0,466.0,806.0,465.0
Spain,Salmonella,2490926.72,2490926.72,0.0,0.0,0.0,10,3,3,7,2015,2026,115529.70642857144,0.01013952654094103,0.01048952654094103,0.01363952654094103,0.01013952654094103,152.0,152.0,149.0,152.0
Spain,Vibrio,2069145.66,2069145.66,0.0,0.0,0.0,2,0,3,0,2019,2023,-65548.05071428571,0.0008226512402435319,0.0015726512402435319,0.008322651240243532,0.0008226512402435319,483.0,470.0,307.0,483.0
Spain,Haemophilus,1790263.332333333,1790263.332333333,0.0,0.0,0.0,7,1,3,4,2015,2027,2342.500285714288,0.0030125346734809822,0.0033625346734809823,0.006512534673480982,0.0030125346734809822,320.0,327.0,845.0,320.0
Spain,Candida,1706112.2275,1706112.2274999998,0.0,0.0,0.0,17,0,4,13,2014,2025,52.20318452380958,0.0006793973945192944,0.0012793973945192944,0.006679397394519294,0.0006793973945192944,505.0,518.0,830.0,505.0
Spain,Treponema,1662158.09,1662158.09,0.0,0.0,0.0,1,0,1,0,2020,2025,-19787.596309523808,0.0006608410614356267,0.0014108410614356267,0.008160841061435626,0.0006608410614356267,511.0,503.0,333.0,511.0
Spain,Enterobacteriaceae,1272998.975,1272998.975,0.0,0.0,0.0,12,1,0,12,2014,2026,-2517.5168452380963,0.0027583713746790876,0.0032583713746790876,0.007758371374679086,0.0027583713746790876,348.0,338.0,407.0,348.0
Spain,Enterococcus,1256614.3099999998,1256614.3099999998,0.0,0.0,0.0,11,1,7,5,2015,2026,5010.6688690476185,0.0028556197191028725,0.003205619719102872,0.006355619719102872,0.0028556197191028725,335.0,345.0,866.0,335.0
Spain,Enterobacter,1001255.3916666668,1001255.3916666668,0.0,0.0,0.0,8,1,0,8,2016,2026,-13594.810932539684,0.0026503315202701,0.0031503315202701,0.007650331520270099,0.0026503315202701,366.0,351.0,456.0,366.0
Spain,Neisseria,771558.415,771558.415,0.0,0.0,0.0,9,0,4,5,2014,2025,-1437.9062500000014,0.0003067563097612392,0.0010567563097612393,0.007806756309761239,0.0003067563097612392,570.0,559.0,392.0,570.0
Spain,Clostridioides,719049.58,719049.58,0.0,0.0,0.0,5,0,0,5,2014,2025,21811.56517857143,0.000737560830977994,0.001337560830977994,0.006737560830977994,0.000737560830977994,495.0,512.0,826.0,495.0
Spain,Shigella,698224.53,91100.28,607124.25,0.0,0.0,2,0,2,0,2017,2019,-58185.3775,0.0013587298190963688,0.0018587298190963688,0.006358729819096369,0.0013587298190963688,451.0,454.0,865.0,451.0
Spain,Helicobacter,690723.52,690723.52,0.0,0.0,0.0,5,1,4,2,2014,2026,6242.020357142856,0.00265613200181383,0.0030061320018138302,0.00615613200181383,0.00265613200181383,365.0,372.0,898.0,365.0
Spain,Brucella,630693.72,630693.7200000001,0.0,0.0,0.0,4,1,3,3,2023,2026,37541.29285714286,0.0032804208682301094,0.00363042086823011,0.00678042086823011,0.0032804208682301094,299.0,301.0,822.0,299.0
Spain,Mycoplasma,628958.78,628958.78,0.0,0.0,0.0,6,2,6,2,2017,2026,-1327.3119047619057,0.004754566030104911,0.00525456603010491,0.009754566030104909,0.004754566030104911,238.0,232.0,232.0,238.0
Spain,Cryptococcus,414532.3425,414532.3425,0.0,0.0,0.0,3,0,2,2,2021,2025,16295.697529761905,0.0005022664394957439,0.0011022664394957438,0.006502266439495743,0.0005022664394957439,527.0,544.0,847.0,527.0
Spain,Aspergillus,384256.9125,384256.9125,0.0,0.0,0.0,4,1,4,1,2014,2027,23570.782648809527,0.002893136612552874,0.003243136612552874,0.006393136612552874,0.002893136612552874,332.0,341.0,859.0,332.0
Spain,Clostridium,190737.1,190737.1,0.0,0.0,0.0,4,0,4,0,2014,2019,-9635.60625,7.583328467820606e-05,0.000825833284678206,0.007575833284678205,7.583328467820606e-05,713.0,700.0,510.0,713.0
Spain,Campylobacter,189904.01,189904.01,0.0,0.0,0.0,2,0,0,2,2020,2023,2523.787976190476,0.00012776548756903892,0.0007277654875690389,0.006127765487569039,0.00012776548756903892,653.0,972.0,904.0,653.0
Spain,Chlamydia,189434.775,189434.775,0.0,0.0,0.0,2,0,1,1,2017,2020,-14696.32375,7.531550611038394e-05,0.0008253155061103839,0.007575315506110384,7.531550611038394e-05,715.0,702.0,511.0,715.0
Spain,Actinobacillus,74624.42,74624.42,0.0,0.0,0.0,1,0,0,1,2021,2023,888.3859523809522,4.8066173521725794e-05,0.0006480661735217257,0.006048066173521727,4.8066173521725794e-05,776.0,1001.0,939.0,776.0
Spain,Arteriviridae,74624.42,74624.42,0.0,0.0,0.0,1,0,0,1,2021,2023,888.3859523809522,4.8066173521725794e-05,0.0006480661735217257,0.006048066173521727,4.8066173521725794e-05,776.0,1001.0,939.0,776.0
Spain,Bordetella,36312.69,36312.69,0.0,0.0,0.0,1,0,4,0,2017,2019,-3026.0575000000003,1.443720470847804e-05,0.000764437204708478,0.007514437204708478,1.443720470847804e-05,920.0,875.0,684.0,920.0
Spain,Burkholderia,33190.98,33190.98,0.0,0.0,0.0,1,0,1,0,2017,2019,-2765.915,1.31960747808824e-05,0.0007631960747808823,0.007513196074780883,1.31960747808824e-05,929.0,883.0,692.0,929.0
Spain,Stenotrophomonas,33190.98,33190.98,0.0,0.0,0.0,1,0,1,0,2017,2019,-2765.915,1.31960747808824e-05,0.0007631960747808823,0.007513196074780883,1.31960747808824e-05,929.0,883.0,692.0,929.0
Spain,Proteus,8861.87,8861.87,0.0,0.0,0.0,1,0,0,1,2020,2022,-105.4984523809524,3.5233035968946473e-06,0.0007535233035968947,0.007503523303596894,3.5233035968946473e-06,986.0,941.0,749.0,986.0
Sweden,Escherichia,53914479.86166666,13006141.001666669,107000.0,40801338.86,0.0,40,6,33,7,2013,2028,-121871.5039880953,0.07427912415035394,0.07442912415035394,0.07577912415035394,0.07427912415035394,29.0,30.0,29.0,29.0
Sweden,Streptococcus,20306736.6225,18708306.3025,1598430.32,0.0,0.0,49,7,37,14,2013,2030,-118422.05580357143,0.026685707763201352,0.02693570776320135,0.02918570776320135,0.026685707763201352,70.0,69.0,73.0,70.0
Sweden,Staphylococcus,9882694.3925,9882694.3925,0.0,0.0,0.0,40,3,30,10,2013,2027,-216041.70598214288,0.010685919867940492,0.011185919867940493,0.015685919867940493,0.010685919867940492,147.0,144.0,135.0,147.0
Sweden,Pseudomonas,4787620.793333333,4451620.793333333,336000.0,0.0,0.0,15,1,14,4,2013,2026,4044.0580952380938,0.004837789093349106,0.004937789093349105,0.005837789093349105,0.004837789093349106,232.0,249.0,993.0,232.0
Sweden,Candida,4722828.609999999,4722828.609999999,0.0,0.0,0.0,8,0,7,2,2018,2025,-16883.673452380957,0.0018777029034650636,0.002627702903465063,0.009377702903465063,0.0018777029034650636,435.0,433.0,246.0,435.0
Sweden,Chlamydia,3829280.8866666663,3829280.8866666663,0.0,0.0,0.0,6,0,6,1,2013,2025,-104619.55714285711,0.0015224460662944263,0.0022724460662944266,0.009022446066294426,0.0015224460662944263,444.0,444.0,265.0,444.0
Sweden,Klebsiella,3674172.955,3618172.955,56000.0,0.0,0.0,11,1,4,7,2016,2026,-69430.43970238096,0.0038127518473113527,0.004062751847311353,0.006312751847311353,0.0038127518473113527,269.0,273.0,868.0,269.0
Sweden,Salmonella,3109615.6466666665,2514792.776666667,594822.87,0.0,0.0,9,2,9,3,2014,2027,-3184.3992460317454,0.00680005002098255,0.00705005002098255,0.00930005002098255,0.00680005002098255,191.0,193.0,249.0,191.0
Sweden,Acinetobacter,2927216.46,2927216.46,0.0,0.0,0.0,12,2,7,5,2016,2027,65270.545000000006,0.007019951353732454,0.0073699513537324535,0.010519951353732453,0.007019951353732454,187.0,188.0,194.0,187.0
Sweden,Enterococcus,2162105.2,2162105.2,0.0,0.0,0.0,12,1,6,7,2016,2028,-53588.29440476191,0.0031118623602796346,0.0036118623602796347,0.008111862360279633,0.0031118623602796346,308.0,303.0,342.0,308.0
Sweden,Vibrio,1824776.99,1824776.99,0.0,0.0,0.0,5,1,3,2,2013,2027,-14630.785714285714,0.0029777473602145207,0.0034777473602145203,0.00797774736021452,0.0029777473602145207,326.0,308.0,355.0,326.0
Sweden,Helicobacter,1822691.98,1715692.0,106999.98,0.0,0.0,12,0,14,0,2013,2023,-48989.88071428571,0.0009152051473628534,0.0014152051473628534,0.005915205147362853,0.0009152051473628534,473.0,502.0,984.0,473.0
Sweden,Campylobacter,1654652.9633333334,1654652.9633333334,0.0,0.0,0.0,6,2,4,4,2015,2027,2891.3428968254,0.005222236546437984,0.005572236546437984,0.008722236546437983,0.005222236546437984,218.0,219.0,281.0,218.0
Sweden,Enterobacteriaceae,1651401.71,1651401.71,0.0,0.0,0.0,9,0,0,9,2016,2024,-21413.95011904762,0.0006565645382702489,0.0014065645382702488,0.00815656453827025,0.0006565645382702489,512.0,504.0,334.0,512.0
Sweden,Haemophilus,1304800.0,1304800.0,0.0,0.0,0.0,3,1,4,0,2015,2026,10119.047619047618,0.0029805633629228306,0.0033305633629228306,0.00648056336292283,0.0029805633629228306,324.0,332.0,850.0,324.0
Sweden,Yersinia,997000.0,997000.0,0.0,0.0,0.0,2,1,3,0,2014,2027,49500.0,0.0036737017739214184,0.004023701773921419,0.007173701773921418,0.0036737017739214184,273.0,275.0,797.0,273.0
Sweden,Neisseria,779937.9966666667,779937.9966666667,0.0,0.0,0.0,5,0,4,1,2015,2022,-20214.285714285717,0.00031008786509060415,0.001060087865090604,0.007810087865090604,0.00031008786509060415,569.0,557.0,391.0,569.0
Sweden,Listeria,667999.985,667999.985,0.0,0.0,0.0,2,0,2,0,2020,2023,-7952.380773809524,0.0002655835337097103,0.0010155835337097103,0.00776558353370971,0.0002655835337097103,584.0,572.0,404.0,584.0
Sweden,Bacteroides,570000.0,570000.0,0.0,0.0,0.0,1,1,1,0,2023,2027,33928.57142857143,0.003181476838644802,0.003531476838644802,0.0066814768386448025,0.003181476838644802,303.0,306.0,829.0,303.0
Sweden,Shigella,468666.6666666667,468666.6666666667,0.0,0.0,0.0,2,2,0,2,2023,2027,27896.8253968254,0.005268533608871712,0.005618533608871712,0.008768533608871712,0.005268533608871712,217.0,218.0,280.0,217.0
Sweden,Aspergillus,402522.54,402522.54,0.0,0.0,0.0,2,1,2,0,2019,2026,-804.3764285714285,0.002412287223766523,0.002912287223766523,0.007412287223766523,0.002412287223766523,398.0,384.0,780.0,398.0
Sweden,Fusarium,285000.0,285000.0,0.0,0.0,0.0,1,1,2,0,2023,2026,16964.285714285714,0.0027168645454485273,0.003066864545448527,0.006216864545448528,0.0027168645454485273,355.0,361.0,884.0,355.0
Sweden,Enterobacter,175181.71,175181.70999999996,0.0,0.0,0.0,3,0,0,3,2016,2021,-8570.09488095238,6.964877040095994e-05,0.0008196487704009599,0.00756964877040096,6.964877040095994e-05,724.0,709.0,518.0,724.0
Sweden,Actinomyces,163350.0,163350.0,0.0,0.0,0.0,1,0,1,0,2017,2020,-13612.5,6.494471737373044e-05,0.0008149447173737305,0.00756494471737373,6.494471737373044e-05,732.0,716.0,526.0,732.0
Sweden,Borrelia,128400.0,128400.0,0.0,0.0,0.0,1,0,1,0,2020,2022,-1528.571428571429,5.104929115878169e-05,0.0008010492911587816,0.007551049291158782,5.104929115878169e-05,767.0,747.0,558.0,767.0
Sweden,Clostridium,115415.0,115415.0,0.0,0.0,0.0,2,0,2,0,2017,2019,-8810.77380952381,4.5886712921267825e-05,0.0007958867129212678,0.007545886712921267,4.5886712921267825e-05,783.0,760.0,569.0,783.0
Sweden,Clostridioides,81515.0,81515.0,0.0,0.0,0.0,1,0,0,1,2017,2019,-6792.916666666667,3.240874586299135e-05,0.0007824087458629913,0.007532408745862992,3.240874586299135e-05,827.0,794.0,601.0,827.0
Sweden,Bacillus,69355.675,69355.675,0.0,0.0,0.0,2,0,2,0,2017,2024,-3845.3604166666655,2.7574439615177852e-05,0.0007775744396151779,0.007527574439615178,2.7574439615177852e-05,857.0,819.0,626.0,857.0
Sweden,Mycoplasma,40915.78666666667,40915.78666666667,0.0,0.0,0.0,1,0,0,1,2015,2017,0.0,1.626730456804723e-05,0.0007662673045680472,0.007516267304568048,1.626730456804723e-05,910.0,868.0,677.0,910.0
Switzerland,Staphylococcus,93825621.31895238,85586012.01228571,1173000.0,7066609.306666667,0.0,54,9,46,12,2012,2029,224844.6516660998,0.07109726607178621,0.07109726607178621,0.07109726607178621,0.07109726607178621,32.0,32.0,33.0,32.0
Switzerland,Candida,39055369.196666665,39055369.19666666,0.0,0.0,0.0,11,1,8,6,2013,2028,2545896.554880952,0.07050114634647778,0.07085114634647778,0.07400114634647778,0.07050114634647778,33.0,33.0,32.0,33.0
Switzerland,Aspergillus,39019214.565,39019214.565,0.0,0.0,0.0,5,1,2,3,2016,2028,2720586.270416666,0.07410430347575295,0.07445430347575295,0.07760430347575295,0.07410430347575295,30.0,29.0,28.0,30.0
Switzerland,Pseudomonas,26699391.9,16948774.083333332,4472999.99,5277617.826666666,0.0,49,9,36,13,2013,2028,-46296.18087301583,0.0439133544240175,0.0440633544240175,0.045413354424017505,0.0439133544240175,44.0,44.0,44.0,44.0
Switzerland,Escherichia,25420596.81904762,14274006.089047616,0.0,11146590.73,0.0,40,9,27,13,2013,2028,-102381.77803571428,0.041069651784316596,0.041469651784316594,0.0450696517843166,0.041069651784316596,46.0,46.0,45.0,46.0
Switzerland,Neisseria,23204685.54,1617433.6,0.0,21587251.94,0.0,8,3,5,3,2017,2028,-1412692.4269047617,0.03669061153361476,0.03709061153361476,0.040690611533614765,0.03669061153361476,53.0,52.0,50.0,53.0
Switzerland,Klebsiella,16305032.996666666,1842524.0366666664,1173000.0,13289508.96,0.0,16,2,12,5,2016,2026,-335057.2801388889,0.02582417521173137,0.02597417521173137,0.02732417521173137,0.02582417521173137,72.0,74.0,76.0,72.0
Switzerland,Streptococcus,15906399.610857142,15906399.610857142,0.0,0.0,0.0,29,4,31,7,2014,2029,-99570.81461224493,0.015333077739714445,0.015833077739714447,0.020333077739714447,0.015333077739714445,112.0,112.0,104.0,112.0
Switzerland,Acinetobacter,11022078.45,3817477.95,1173000.0,6031600.5,0.0,21,3,13,8,2013,2028,-208920.39462301583,0.019013692296746276,0.019163692296746276,0.020513692296746277,0.019013692296746276,93.0,93.0,102.0,93.0
Switzerland,Clostridioides,8150810.763,8150810.763,0.0,0.0,0.0,9,4,4,5,2013,2028,-58898.038880952365,0.01224960956835884,0.012749609568358843,0.01724960956835884,0.01224960956835884,130.0,129.0,125.0,130.0
Switzerland,Enterobacteriaceae,7015487.953333333,6391838.626666668,0.0,623649.3266666667,0.0,23,3,0,23,2014,2028,-225461.76765873015,0.010144227328169752,0.010544227328169753,0.01414422732816975,0.010144227328169752,151.0,151.0,145.0,151.0
Switzerland,Salmonella,5565872.57,5565872.57,0.0,0.0,0.0,10,0,11,3,2014,2024,-239219.62464285712,0.0022128804468738825,0.002962880446873882,0.009712880446873882,0.0022128804468738825,430.0,375.0,234.0,430.0
Switzerland,Enterococcus,5208643.885,3543402.885,1173000.0,492241.0,0.0,14,3,7,9,2013,2027,302.84896258502044,0.011394883051453785,0.011394883051453785,0.011394883051453785,0.011394883051453785,140.0,142.0,176.0,140.0
Switzerland,Mycoplasma,4626290.965,4089553.23,536737.735,0.0,0.0,5,1,4,1,2015,2027,187159.8869642857,0.008923131186547919,0.00902313118654792,0.00992313118654792,0.008923131186547919,158.0,161.0,224.0,158.0
Switzerland,Enterobacter,2869156.158333333,402465.90833333327,1173000.0,1293690.25,0.0,7,1,0,7,2016,2026,-102737.6211904762,0.006722784193896556,0.006872784193896556,0.008222784193896555,0.006722784193896556,194.0,197.0,319.0,194.0
Switzerland,Campylobacter,2749024.98,2749024.98,0.0,0.0,0.0,2,0,1,1,2016,2022,-71337.33142857143,0.0010929577617350779,0.001842957761735078,0.008592957761735078,0.0010929577617350779,462.0,455.0,287.0,462.0
Switzerland,Clostridium,1561239.0380000002,1561239.0380000002,0.0,0.0,0.0,7,1,7,0,2013,2028,-13791.950488095245,0.002872969901935416,0.003372969901935416,0.007872969901935416,0.002872969901935416,334.0,324.0,377.0,334.0
Switzerland,Pneumocystis,1357244.99,1357244.99,0.0,0.0,0.0,3,0,3,0,2016,2024,-10195.535595238096,0.000539613665641026,0.001289613665641026,0.008039613665641026,0.000539613665641026,524.0,516.0,346.0,524.0
Switzerland,Corynebacterium,1348046.1678571429,1348046.1678571429,0.0,0.0,0.0,3,1,3,0,2019,2029,71771.94255952381,0.004274485398052935,0.004624485398052935,0.007774485398052935,0.004274485398052935,257.0,257.0,401.0,257.0
Switzerland,Chlamydia,1293501.265,1293501.265,0.0,0.0,0.0,6,1,3,3,2014,2028,-40287.608035714286,0.002766522678196469,0.003266522678196469,0.007766522678196469,0.002766522678196469,346.0,337.0,403.0,346.0
Switzerland,Helicobacter,1043226.245,1043226.245,0.0,0.0,0.0,2,0,2,0,2017,2022,-79380.13339285714,0.0004147660461486567,0.0011647660461486567,0.007914766046148656,0.0004147660461486567,544.0,531.0,364.0,544.0
Switzerland,Legionella,692717.595,692717.595,0.0,0.0,0.0,1,0,1,0,2018,2023,-41233.19017857143,0.0002754107647816668,0.0010254107647816669,0.007775410764781667,0.0002754107647816668,581.0,569.0,400.0,581.0
Switzerland,Basidiomycota,520632.0,520632.0,0.0,0.0,0.0,1,0,0,1,2020,2023,-6198.0,0.0002069929482443834,0.0009569929482443834,0.007706992948244383,0.0002069929482443834,605.0,616.0,427.0,605.0
Switzerland,Listeria,505494.34571428574,505494.3457142857,0.0,0.0,0.0,3,0,4,0,2017,2024,-36382.23119047619,0.00020097451739475402,0.000950974517394754,0.007700974517394753,0.00020097451739475402,609.0,618.0,430.0,609.0
Switzerland,Citrobacter,504442.255,504442.255,0.0,0.0,0.0,2,0,2,0,2017,2022,-34481.467559523815,0.0002005562270115841,0.0009505562270115841,0.007700556227011584,0.0002005562270115841,610.0,619.0,431.0,610.0
Switzerland,Bacillus,488332.6878571429,488332.6878571429,0.0,0.0,0.0,4,0,4,0,2016,2025,-14885.184404761903,0.00019415138290319113,0.0009441513829031911,0.0076941513829031916,0.00019415138290319113,616.0,624.0,436.0,616.0
Switzerland,Burkholderia,361926.69,361926.69,0.0,0.0,0.0,3,1,5,0,2015,2026,2692.0150000000003,0.002451894242572657,0.002801894242572657,0.005951894242572657,0.002451894242572657,391.0,402.0,978.0,391.0
Switzerland,Mucorales,277929.945,277929.945,0.0,0.0,0.0,1,0,0,1,2020,2023,-3308.689821428572,0.0001104994290034983,0.0008604994290034983,0.007610499429003497,0.0001104994290034983,666.0,666.0,477.0,666.0
Switzerland,Vibrio,273589.115,273589.115,0.0,0.0,0.0,3,1,3,0,2016,2026,6867.359523809523,0.002503237369852106,0.002853237369852106,0.006003237369852106,0.002503237369852106,384.0,391.0,970.0,384.0
Switzerland,Virus,272736.8,272736.8,0.0,0.0,0.0,1,0,0,1,2019,2023,-9740.6,0.00010843473763952032,0.0008584347376395204,0.00760843473763952,0.00010843473763952032,671.0,668.0,479.0,671.0
Switzerland,Cryptococcus,171674.97,171674.97,0.0,0.0,0.0,1,0,0,1,2017,2019,-14306.247500000003,6.825456018851333e-05,0.0008182545601885132,0.007568254560188514,6.825456018851333e-05,728.0,713.0,522.0,728.0
Switzerland,Brucella,56091.42,56091.42,0.0,0.0,0.0,1,0,1,0,2016,2020,0.0,2.2300835133095873e-05,0.0007723008351330958,0.0075223008351330955,2.2300835133095873e-05,879.0,839.0,648.0,879.0
Thailand,Acinetobacter,196469.17666666667,196469.17666666664,0.0,0.0,0.0,6,0,5,2,2019,2025,1920.195357142857,0.00011787627507934805,0.0007178762750793481,0.006117876275079348,0.00011787627507934805,662.0,976.0,908.0,662.0
Thailand,Staphylococcus,171916.835,171916.835,0.0,0.0,0.0,5,0,2,3,2021,2025,4084.7980357142856,0.00015294004829069459,0.0007529400482906946,0.006152940048290695,0.00015294004829069459,635.0,943.0,899.0,635.0
Thailand,Klebsiella,155180.93166666664,155180.93166666664,0.0,0.0,0.0,3,0,1,2,2019,2024,568.0017261904761,7.345922260487468e-05,0.0006734592226048747,0.006073459222604875,7.345922260487468e-05,718.0,992.0,927.0,718.0
Thailand,Salmonella,94726.28,94726.28,0.0,0.0,0.0,2,0,3,0,2021,2024,2413.407142857143,8.763890924691972e-05,0.0006876389092469197,0.00608763890924692,8.763890924691972e-05,700.0,989.0,924.0,700.0
Thailand,Escherichia,70915.94166666667,70915.94166666667,0.0,0.0,0.0,4,0,1,3,2019,2024,510.918511904762,3.877503752458239e-05,0.0006387750375245824,0.006038775037524583,3.877503752458239e-05,796.0,1004.0,943.0,796.0
Thailand,Clostridioides,37630.990000000005,37630.990000000005,0.0,0.0,0.0,2,0,1,1,2023,2025,2445.439880952381,6.560229969699106e-05,0.0006656022996969911,0.006065602299696991,6.560229969699106e-05,730.0,993.0,929.0,730.0
Thailand,Stenotrophomonas,28860.0,28860.0,0.0,0.0,0.0,1,0,1,0,2022,2024,1030.7142857142858,3.281853004596191e-05,0.0006328185300459619,0.0060328185300459625,3.281853004596191e-05,823.0,1015.0,953.0,823.0
Thailand,Vibrio,28860.0,28860.0,0.0,0.0,0.0,1,0,1,0,2022,2024,1030.7142857142858,3.281853004596191e-05,0.0006328185300459619,0.0060328185300459625,3.281853004596191e-05,823.0,1015.0,953.0,823.0
Thailand,Campylobacter,17262.0,17262.0,0.0,0.0,0.0,1,0,2,0,2024,2025,1438.5,3.665195478648007e-05,0.00063665195478648,0.00603665195478648,3.665195478648007e-05,802.0,1005.0,944.0,802.0
Thailand,Pseudomonas,13916.845,13916.845,0.0,0.0,0.0,2,0,0,2,2021,2024,394.3219642857143,1.3698808905102623e-05,0.0006136988089051026,0.006013698808905102,1.3698808905102623e-05,924.0,1029.0,968.0,924.0
Turkey,Candida,55349.99,55349.99,0.0,0.0,0.0,1,0,0,1,2019,2020,-1976.7853571428573,2.2006057283065846e-05,0.0007720060572830659,0.007522006057283065,2.2006057283065846e-05,880.0,840.0,649.0,880.0
Turkey,Escherichia,31375.56,31375.56,0.0,0.0,0.0,1,0,1,0,2015,2018,0.0,1.2474299826400503e-05,0.0007624742998264004,0.0075124742998264,1.2474299826400503e-05,932.0,886.0,695.0,932.0
Turkey,Salmonella,27718.91,27718.91,0.0,0.0,0.0,1,0,0,1,2014,2017,0.0,1.1020488373785556e-05,0.0007610204883737855,0.007511020488373786,1.1020488373785556e-05,943.0,897.0,706.0,943.0
Uganda,Aspergillus,301418.675,301418.675,0.0,0.0,0.0,2,1,2,1,2019,2027,20147.665178571428,0.00278931474288346,0.00313931474288346,0.00628931474288346,0.00278931474288346,342.0,354.0,872.0,342.0
Uganda,Cryptococcus,174979.275,174979.275,0.0,0.0,0.0,2,0,1,1,2015,2022,-1491.1673214285713,6.956828626345427e-05,0.0008195682862634542,0.007569568286263454,6.956828626345427e-05,725.0,710.0,519.0,725.0
Uganda,Virus,133226.59,133226.59,0.0,0.0,0.0,1,0,0,1,2015,2018,0.0,5.296824753116536e-05,0.0008029682475311653,0.007552968247531166,5.296824753116536e-05,763.0,743.0,554.0,763.0
Uganda,Ascomycota,41752.685,41752.685,0.0,0.0,0.0,1,0,0,1,2019,2022,-1491.1673214285713,1.6600038732288915e-05,0.000766600038732289,0.007516600038732288,1.6600038732288915e-05,906.0,864.0,673.0,906.0
Uganda,Candida,41752.685,41752.685,0.0,0.0,0.0,1,0,0,1,2019,2022,-1491.1673214285713,1.6600038732288915e-05,0.000766600038732289,0.007516600038732288,1.6600038732288915e-05,906.0,864.0,673.0,906.0
United Kingdom,Streptococcus,114959111.82152382,51070329.847,63888781.974523805,0.0,0.0,118,15,76,52,2007,2029,-1483847.9804166665,0.19325846681551145,0.19350846681551145,0.19575846681551146,0.19325846681551145,10.0,10.0,10.0,10.0
United Kingdom,Salmonella,110759724.03983334,61116175.45583334,49643548.584,0.0,0.0,111,18,113,56,2010,2033,-1583982.9605059524,0.17297859293395745,0.17322859293395745,0.17547859293395746,0.17297859293395745,13.0,13.0,12.0,13.0
United Kingdom,Staphylococcus,100806561.18595238,64686474.75509524,36120086.43085714,0.0,0.0,154,19,137,25,2009,2032,537924.2799773241,0.1583314248131337,0.1584314248131337,0.1593314248131337,0.1583314248131337,15.0,15.0,15.0,15.0
United Kingdom,Pseudomonas,87127630.79328571,40841856.85959524,13128767.98202381,33157005.951666664,0.0,127,30,101,39,2009,2030,816013.3855368481,0.17429167881349264,0.17429167881349264,0.17429167881349264,0.17429167881349264,12.0,12.0,13.0,12.0
United Kingdom,Escherichia,79812790.2665,62928834.307333335,15196627.2975,1687328.6616666666,0.0,155,26,93,62,2007,2033,-956678.788061508,0.11897037479274575,0.11912037479274575,0.12047037479274575,0.11897037479274575,18.0,18.0,18.0,18.0
United Kingdom,Candida,61510674.44933333,27839830.50433333,33670843.945,0.0,0.0,51,12,40,20,2009,2030,1019249.4914285714,0.13254837297847186,0.13264837297847187,0.13354837297847186,0.13254837297847186,17.0,17.0,17.0,17.0
United Kingdom,Klebsiella,51262366.84771428,27393572.21235714,20933705.478690475,2935089.1566666667,0.0,77,25,111,16,2009,2033,-271980.98165249435,0.11678022437036936,0.11693022437036936,0.11828022437036936,0.11678022437036936,20.0,20.0,20.0,20.0
United Kingdom,Cryptococcus,49648985.53,24923511.13,24725474.4,0.0,0.0,32,9,17,17,2011,2033,-163759.31023809526,0.08403932879908159,0.08428932879908159,0.08653932879908159,0.08403932879908159,24.0,24.0,24.0,24.0
United Kingdom,Aspergillus,37867592.810833335,20527853.31583333,17339739.495,0.0,0.0,55,18,41,21,2013,2033,240107.31092261904,0.09144570807729288,0.09154570807729287,0.09244570807729288,0.09144570807729288,23.0,23.0,23.0,23.0
United Kingdom,Acinetobacter,26070949.27061905,14418249.454428572,6007080.00452381,5645619.8116666665,0.0,44,10,25,21,2015,2034,-197769.74124291385,0.04900056137586319,0.04915056137586319,0.050500561375863194,0.04900056137586319,42.0,42.0,41.0,42.0
United Kingdom,Enterobacteriaceae,22689003.191666663,11827085.5575,3854427.3275,7007490.306666667,0.0,27,3,0,27,2014,2033,-121481.00116071434,0.02936329886548782,0.02951329886548782,0.03086329886548782,0.02936329886548782,65.0,67.0,70.0,65.0
United Kingdom,Neisseria,21611840.160166662,8776035.322666667,4511280.8725,8324523.965000001,0.0,34,4,25,18,2008,2029,-154774.8669146825,0.03362037572606707,0.033770375726067066,0.03512037572606707,0.03362037572606707,55.0,57.0,61.0,55.0
United Kingdom,Shigella,19390080.06583333,9053493.312499998,10224508.086666666,112078.66666666669,0.0,37,6,52,15,2011,2027,-434091.3834821428,0.0395373153540849,0.039687315354084894,0.0410373153540849,0.0395373153540849,47.0,47.0,48.0,47.0
United Kingdom,Clostridioides,15627498.7885,14466140.29266667,1161358.495833333,0.0,0.0,37,3,8,32,2010,2029,-293400.660313492,0.015038015995790101,0.015288015995790102,0.017538015995790104,0.015038015995790101,114.0,114.0,119.0,114.0
United Kingdom,Clostridium,12562425.2615,10542757.770666666,2019667.4908333328,0.0,0.0,35,1,40,0,2010,2026,-355606.38849206344,0.010843323086491366,0.011093323086491367,0.013343323086491367,0.010843323086491366,145.0,145.0,153.0,145.0
United Kingdom,Chlamydia,12063501.79,5380757.689999999,6182744.105,499999.995,0.0,19,0,15,7,2009,2025,-449704.1983333333,0.016285698109279625,0.016685698109279626,0.020285698109279625,0.016285698109279625,109.0,109.0,106.0,109.0
United Kingdom,Campylobacter,8777178.613833334,5248986.093833333,3528192.52,0.0,0.0,17,5,22,8,2012,2033,-101836.01040674602,0.02103368196498758,0.02128368196498758,0.023533681964987584,0.02103368196498758,83.0,83.0,88.0,83.0
United Kingdom,Bacillus,7147727.151666665,2111377.185,5036349.966666667,0.0,0.0,10,4,12,0,2014,2032,489679.4339603175,0.030959667500972014,0.03105966750097201,0.03195966750097201,0.030959667500972014,61.0,61.0,69.0,61.0
United Kingdom,Enterococcus,7077231.173047619,6136245.191857142,940985.9811904762,0.0,0.0,31,4,26,8,2012,2028,-36234.27691439908,0.01349842572348011,0.01374842572348011,0.01599842572348011,0.01349842572348011,123.0,125.0,129.0,123.0
United Kingdom,Helicobacter,7047203.377333334,6367099.174,680104.2033333333,0.0,0.0,18,3,15,5,2012,2028,-10537.509642857132,0.01076967275556521,0.011019672755565212,0.013269672755565209,0.01076967275556521,146.0,146.0,155.0,146.0
United Kingdom,Orthomyxoviridae,5570929.605,5570929.605,0.0,0.0,0.0,2,1,0,2,2024,2030,343484.8483333333,0.01158013932400664,0.01193013932400664,0.01508013932400664,0.01158013932400664,137.0,137.0,139.0,137.0
United Kingdom,Coxiella,5118497.4,5118497.4,0.0,0.0,0.0,2,1,3,0,2019,2029,367016.3515873016,0.011887559289633474,0.012237559289633475,0.015387559289633475,0.011887559289633474,134.0,135.0,137.0,134.0
United Kingdom,Citrobacter,4457841.5,3423156.355,1034685.145,0.0,0.0,6,0,9,0,2015,2024,-63525.543214285724,0.0036148530981799376,0.004114853098179937,0.008614853098179937,0.0036148530981799376,276.0,271.0,286.0,276.0
United Kingdom,Proteus,3550539.78,2152004.82,0.0,1398534.96,0.0,6,0,6,0,2015,2022,-218122.75916666663,0.0027532051413129174,0.0034032051413129174,0.009253205141312917,0.0027532051413129174,349.0,316.0,251.0,349.0
United Kingdom,Treponema,3259726.73,3259726.73,0.0,0.0,0.0,1,0,1,0,2020,2023,-38806.2705952381,0.0012960026397027518,0.002046002639702752,0.008796002639702752,0.0012960026397027518,452.0,450.0,277.0,452.0
United Kingdom,Haemophilus,2491686.040833333,756187.6933333332,1735498.3475,0.0,0.0,10,0,8,3,2015,2023,-109528.95078373018,0.0040811138607161,0.0045811138607161,0.009081113860716099,0.0040811138607161,260.0,258.0,257.0,260.0
United Kingdom,Coronaviridae,2478667.84,2478667.84,0.0,0.0,0.0,1,1,0,1,2021,2026,29507.950476190475,0.003848781625615037,0.004198781625615038,0.007348781625615037,0.003848781625615037,268.0,267.0,783.0,268.0
United Kingdom,Burkholderia,2410046.4756666664,1660421.5806666669,749624.895,0.0,0.0,13,1,34,0,2009,2026,-3495.751785714285,0.004545324899538101,0.004795324899538101,0.007045324899538101,0.004545324899538101,246.0,254.0,807.0,246.0
United Kingdom,Histoplasma,2355309.2175,1083908.6475,1271400.5699999998,0.0,0.0,5,1,1,4,2016,2026,-85917.10901785715,0.0054527085538731476,0.005702708553873148,0.007952708553873148,0.0054527085538731476,213.0,215.0,360.0,213.0
United Kingdom,Zymoseptoria,2294250.0,0.0,2294250.0,0.0,0.0,1,1,0,1,2022,2027,81937.5,0.00894664853732181,0.00929664853732181,0.01244664853732181,0.00894664853732181,157.0,157.0,159.0,157.0
United Kingdom,Yersinia,2022276.06,2022276.06,0.0,0.0,0.0,6,0,9,0,2014,2025,28927.357083333336,0.0014030539444012749,0.002003053944401275,0.007403053944401275,0.0014030539444012749,448.0,452.0,781.0,448.0
United Kingdom,Listeria,1898393.8788333333,1898393.8788333333,0.0,0.0,0.0,7,1,10,0,2015,2028,-64502.47769642856,0.003007015973861378,0.0035070159738613783,0.008007015973861378,0.003007015973861378,321.0,307.0,351.0,321.0
United Kingdom,Enterobacter,1578485.0011904764,228311.325,102413.1811904762,1247760.495,0.0,7,1,1,6,2015,2026,-41850.0682936508,0.004259144344594019,0.004409144344594019,0.005759144344594019,0.004259144344594019,258.0,261.0,1007.0,258.0
United Kingdom,Bordetella,1324919.4833333334,172267.76333333334,1152651.72,0.0,0.0,3,0,2,1,2015,2021,-8712.022103174604,0.002579333132688262,0.0030793331326882615,0.007579333132688262,0.002579333132688262,374.0,360.0,507.0,374.0
United Kingdom,Pneumocystis,1322152.9675,1322152.9675,0.0,0.0,0.0,2,1,1,1,2020,2026,27781.70836309524,0.003353226686448312,0.0037032266864483127,0.006853226686448313,0.003353226686448312,295.0,295.0,817.0,295.0
United Kingdom,Vibrio,1303791.7206666667,1228791.7256666666,74999.995,0.0,0.0,9,0,11,2,2013,2025,2325.345059523809,0.0007000710977479093,0.0010500710977479095,0.00420007109774791,0.0007000710977479093,499.0,560.0,1025.0,499.0
United Kingdom,Trypanosoma,1086560.31,948883.74,137676.57,0.0,0.0,3,0,0,3,2014,2025,8999.302976190476,0.0008635212924927645,0.0012135212924927646,0.004363521292492765,0.0008635212924927645,479.0,525.0,1024.0,479.0
United Kingdom,Arteriviridae,929152.8,929152.8,0.0,0.0,0.0,1,0,0,1,2019,2022,-33184.02857142857,0.0003694127088644646,0.0011194127088644647,0.007869412708864465,0.0003694127088644646,560.0,543.0,378.0,560.0
United Kingdom,Talaromyces,913954.1175,913954.1175,0.0,0.0,0.0,1,1,0,1,2022,2026,32641.218482142856,0.003291567244137365,0.0036415672441373645,0.006791567244137365,0.003291567244137365,297.0,299.0,820.0,297.0
United Kingdom,Rhizopus,869650.17,869650.17,0.0,0.0,0.0,2,1,1,1,2022,2027,47510.9175,0.003581879441625257,0.003931879441625256,0.007081879441625257,0.003581879441625257,277.0,280.0,799.0,277.0
United Kingdom,Brucella,819807.3833333333,819807.3833333333,0.0,0.0,0.0,3,0,4,1,2019,2025,11421.305595238096,0.0005624552558428328,0.0011624552558428328,0.006562455255842833,0.0005624552558428328,522.0,533.0,840.0,522.0
United Kingdom,Not,817468.96,477872.57,339596.39,0.0,0.0,2,1,0,2,2019,2026,16316.353333333336,0.0035198784502523542,0.003619878450252354,0.004519878450252354,0.0035198784502523542,287.0,302.0,1022.0,287.0
United Kingdom,Serratia,718367.52,563654.55,154712.97,0.0,0.0,3,0,2,1,2017,2021,-29875.838571428576,0.0005611120283094662,0.0010611120283094662,0.005561112028309466,0.0005611120283094662,523.0,556.0,1011.0,523.0
United Kingdom,Ralstonia,524158.53,524158.53,0.0,0.0,0.0,1,0,1,0,2022,2025,18719.9475,0.0005960537929886427,0.0011960537929886427,0.006596053792988642,0.0005960537929886427,518.0,528.0,833.0,518.0
United Kingdom,Fusarium,453441.2833333333,440475.1733333333,12966.11,0.0,0.0,2,0,1,1,2013,2020,0.0,0.00020336850606753705,0.0007033685060675371,0.005203368506067537,0.00020336850606753705,608.0,984.0,1015.0,608.0
United Kingdom,Basidiomycota,425876.495,425876.495,0.0,0.0,0.0,1,0,0,1,2015,2020,0.0,0.00016932004042785384,0.0009193200404278538,0.007669320040427854,0.00016932004042785384,626.0,633.0,446.0,626.0
United Kingdom,Mycoplasma,418961.745,287483.94,131477.805,0.0,0.0,2,0,2,0,2015,2022,-4695.635892857144,0.00040069847967844833,0.0009006984796784483,0.005400698479678449,0.00040069847967844833,549.0,642.0,1013.0,549.0
United Kingdom,Cryptosporidium,378281.63,378281.63,0.0,0.0,0.0,1,0,0,1,2017,2019,-31523.46916666667,0.00015039726689944336,0.0009003972668994433,0.007650397266899443,0.00015039726689944336,638.0,643.0,455.0,638.0
United Kingdom,Rickettsia,345440.55,0.0,345440.55,0.0,0.0,1,0,1,0,2020,2023,-4112.3875,0.0007524796377869295,0.0015024796377869295,0.00825247963778693,0.0007524796377869295,492.0,482.0,316.0,492.0
United Kingdom,Corynebacterium,331288.5416666666,331288.5416666666,0.0,0.0,0.0,3,1,3,0,2014,2027,18253.79388888889,0.0027619715057828117,0.0031119715057828117,0.006261971505782812,0.0027619715057828117,347.0,359.0,879.0,347.0
United Kingdom,Moraxella,291438.09,0.0,291438.09,0.0,0.0,1,0,1,0,2019,2022,-10408.503214285716,0.0006348450649482656,0.0013848450649482655,0.008134845064948265,0.0006348450649482656,514.0,506.0,337.0,514.0
United Kingdom,Mucorales,278750.0,0.0,278750.0,0.0,0.0,1,1,0,1,2022,2027,9955.357142857143,0.0030656173887731804,0.00341561738877318,0.006565617388773181,0.0030656173887731804,314.0,314.0,837.0,314.0
United Kingdom,Ascomycota,276809.27,263843.16,12966.11,0.0,0.0,2,0,0,2,2015,2020,0.0,0.00013314312385090822,0.0006331431238509082,0.005133143123850908,0.00013314312385090822,648.0,1014.0,1016.0,648.0
United Kingdom,Bacteroides,192874.136,192874.136,0.0,0.0,0.0,2,1,3,0,2015,2027,12594.843833333332,0.0025897533059112297,0.0029397533059112298,0.006089753305911229,0.0025897533059112297,373.0,379.0,923.0,373.0
United Kingdom,Paramyxoviridae,163283.09,163283.09,0.0,0.0,0.0,1,0,0,1,2019,2021,-5831.538928571429,6.491811528594669e-05,0.0008149181152859466,0.007564918115285946,6.491811528594669e-05,733.0,717.0,527.0,733.0
United Kingdom,Leptospira,48900.06,48900.06,0.0,0.0,0.0,1,0,0,1,2019,2021,-1746.4307142857142,1.9441693151260855e-05,0.0007694416931512608,0.00751944169315126,1.9441693151260855e-05,895.0,854.0,663.0,895.0
United Kingdom,Stenotrophomonas,48107.02,0.0,48107.02,0.0,0.0,1,0,1,0,2013,2017,0.0,0.00010479242516435482,0.0008547924251643547,0.007604792425164354,0.00010479242516435482,678.0,673.0,483.0,678.0
United Kingdom,Xanthomonas,27540.0,0.0,27540.0,0.0,0.0,1,0,0,1,2015,2018,0.0,5.999089922897598e-05,0.000809990899228976,0.007559990899228975,5.999089922897598e-05,748.0,732.0,542.0,748.0
United Kingdom,Medium,25715.296666666665,25715.296666666665,0.0,0.0,0.0,1,0,0,1,2007,2017,0.0,1.0223891485756345e-05,0.0007602238914857563,0.007510223891485757,1.0223891485756345e-05,950.0,905.0,713.0,950.0
United Kingdom,Legionella,22817.426666666663,0.0,22817.426666666663,0.0,0.0,1,0,1,0,2015,2018,0.0,4.970362904228573e-05,0.0007997036290422856,0.007549703629042285,4.970362904228573e-05,773.0,752.0,563.0,773.0
United States,Staphylococcus,676583854.4872777,628804029.8181112,10180114.8975,37599709.77166667,0.0,564,111,553,86,1985,2030,-6842242.948835885,0.5731929324429621,0.5733429324429621,0.574692932442962,0.5731929324429621,1.0,1.0,1.0,1.0
United States,Pseudomonas,510102692.0962547,452580334.06875473,21286525.566666663,36235832.46083333,0.0,410,90,340,101,2001,2030,-1999753.5865533133,0.47817530954534626,0.47832530954534624,0.47967530954534626,0.47817530954534626,2.0,2.0,2.0,2.0
United States,Clostridioides,318356384.9976753,305383054.6376753,7016728.37,5956601.99,0.0,191,52,80,120,2011,2029,-4856334.264473949,0.26189828070459625,0.26204828070459624,0.26339828070459625,0.26189828070459625,6.0,6.0,6.0,6.0
United States,Escherichia,260445785.7255238,232915252.32635716,3766918.39,23763615.00916667,0.0,303,69,183,124,1980,2029,103671.64921513609,0.2906041083853866,0.2906041083853866,0.2906041083853866,0.2906041083853866,5.0,5.0,5.0,5.0
United States,Candida,257743049.1024365,255099455.8124365,2643593.29,0.0,0.0,249,47,381,41,2001,2030,-929395.219667517,0.21303692447454187,0.2132869244745419,0.21553692447454187,0.21303692447454187,9.0,9.0,9.0,9.0
United States,Streptococcus,235926465.07430956,110494440.24930952,114767407.865,10664616.96,0.0,176,21,146,53,1975,2029,-3134085.5169458617,0.3556980443140945,0.3558480443140945,0.3571980443140945,0.3556980443140945,4.0,4.0,4.0,4.0
United States,Enterobacteriaceae,222997468.8255,193284576.45883337,4444574.578333334,25268317.78833333,0.0,79,17,0,79,2001,2030,-1330077.3388908724,0.15910157138807715,0.15925157138807716,0.16060157138807715,0.15910157138807715,14.0,14.0,14.0,14.0
United States,Neisseria,215145980.384127,185357585.05579364,4492058.908333333,25296336.42,0.0,141,32,142,20,2000,2030,-2344031.847083334,0.18987519400722225,0.19002519400722226,0.19137519400722225,0.18987519400722225,11.0,11.0,11.0,11.0
United States,Acinetobacter,206101320.78333333,185503655.5675,5234333.333333334,15363331.8825,0.0,193,50,165,46,2000,2030,-2650623.7949254536,0.21861306143451043,0.21876306143451044,0.22011306143451043,0.21861306143451043,8.0,8.0,8.0,8.0
United States,Klebsiella,174536563.0560801,140978155.29691344,7647789.581666667,25910618.1775,0.0,208,52,192,42,2000,2029,-882153.5585538809,0.22498353811309782,0.22513353811309783,0.22648353811309782,0.22498353811309782,7.0,7.0,7.0,7.0
United States,Enterococcus,114431012.42885716,104993559.7805238,928007.0,8509445.648333333,0.0,152,28,137,41,1985,2029,-1446044.0739433109,0.11837400685786481,0.11852400685786481,0.11987400685786481,0.11837400685786481,19.0,19.0,19.0,19.0
United States,Salmonella,111578821.5015101,86217650.92317677,23295345.24833333,2065825.33,0.0,132,23,154,53,1991,2029,-519729.6154150433,0.1396279441628926,0.1397779441628926,0.1411279441628926,0.1396279441628926,16.0,16.0,16.0,16.0
United States,Cryptococcus,110956140.13361906,110744620.13361906,211520.0,0.0,0.0,98,17,113,23,2015,2029,-1028943.0076360548,0.08277890887396401,0.08302890887396401,0.08527890887396401,0.08277890887396401,25.0,25.0,25.0,25.0
United States,Burkholderia,105806229.17166668,103306229.18166669,2499999.99,0.0,0.0,29,5,44,0,2009,2029,-1440757.2123015877,0.05777956420454414,0.05802956420454414,0.06027956420454414,0.05777956420454414,35.0,35.0,35.0,35.0
United States,Aspergillus,79693925.9469365,79017650.9769365,676274.97,0.0,0.0,85,21,104,20,2009,2030,-1156770.7619529478,0.08018628923134238,0.0804362892313424,0.08268628923134239,0.08018628923134238,27.0,27.0,27.0,27.0
United States,Clostridium,78420467.3557316,77877947.36573161,0.0,542519.99,0.0,112,9,134,0,2013,2029,-2262514.336992399,0.05196911778234317,0.05236911778234317,0.055969117782343175,0.05196911778234317,39.0,39.0,38.0,39.0
United States,Shigella,72472215.07113637,47499217.90613637,24972997.165,0.0,0.0,54,11,110,8,2009,2029,315524.977151876,0.10459266359434546,0.10469266359434547,0.10559266359434547,0.10459266359434546,21.0,21.0,22.0,21.0
United States,Yersinia,69108181.995,69108181.995,0.0,0.0,0.0,15,2,19,0,2015,2027,38892.26642857143,0.03278593952697591,0.033135939526975904,0.036285939526975904,0.03278593952697591,58.0,58.0,59.0,58.0
United States,Coccidioides,68239214.51833333,68239214.51833335,0.0,0.0,0.0,46,13,72,14,2014,2029,1182497.0395238097,0.08089736998246227,0.08124736998246226,0.08439736998246228,0.08089736998246227,26.0,26.0,26.0,26.0
United States,Chlamydia,36932486.71333333,28825423.668333333,619748.565,7487314.48,0.0,38,9,43,3,2009,2030,339546.13329365087,0.05027133691204903,0.05027133691204903,0.05027133691204903,0.05027133691204903,40.0,40.0,42.0,40.0
United States,Campylobacter,33677127.07779437,21669327.63946104,7793393.958333334,4214405.48,0.0,48,7,55,15,2015,2030,-397865.1398146516,0.047075898650332286,0.04722589865033228,0.04857589865033229,0.047075898650332286,43.0,43.0,43.0,43.0
United States,Bacillus,33579444.95948413,33542174.961984128,37269.9975,0.0,0.0,40,8,43,0,1977,2029,-426828.0774050453,0.031434906879810855,0.03168490687981085,0.03393490687981085,0.031434906879810855,59.0,60.0,63.0,59.0
United States,Vibrio,29556056.06083333,29481524.63083333,74531.43,0.0,0.0,37,8,44,3,1998,2028,-382736.6986111111,0.029901640193477432,0.030151640193477432,0.03240164019347743,0.029901640193477432,63.0,64.0,68.0,63.0
United States,Enterobacter,28076989.295,23236180.306666665,892669.0,3948139.988333333,0.0,41,10,18,29,2014,2029,-115379.26363378685,0.03906234217844614,0.03921234217844614,0.04056234217844614,0.03906234217844614,48.0,48.0,51.0,48.0
United States,Pneumocystis,28027546.575,28027546.575000003,0.0,0.0,0.0,26,2,46,7,1993,2027,-679308.2841666667,0.015647700653830747,0.016147700653830747,0.020647700653830748,0.015647700653830747,111.0,111.0,101.0,111.0
United States,Histoplasma,21040194.251666665,20963933.586666662,76260.66500000001,0.0,0.0,30,6,32,11,1988,2028,-223336.5673809524,0.02201447739578622,0.02226447739578622,0.024514477395786223,0.02201447739578622,81.0,81.0,84.0,81.0
United States,Listeria,18036981.2175,17999711.22,37269.9975,0.0,0.0,31,7,42,0,2001,2027,-4359.558224206341,0.023003279573903183,0.023253279573903184,0.025503279573903186,0.023003279573903183,79.0,79.0,82.0,79.0
United States,Haemophilus,10407395.63888889,10074271.975555556,0.0,333123.66333333333,0.0,16,4,15,1,1983,2030,-305546.32680555555,0.013466340451363397,0.013866340451363398,0.0174663404513634,0.013466340451363397,124.0,124.0,120.0,124.0
United States,Francisella,9861860.999484127,9861860.999484126,0.0,0.0,0.0,16,2,20,0,2014,2029,-412634.9182780612,0.008425384672184403,0.008925384672184403,0.013425384672184402,0.008425384672184403,165.0,163.0,152.0,165.0
United States,Bacteroides,9705168.451111112,9705168.451111112,0.0,0.0,0.0,8,4,10,0,2017,2029,-131130.56896825397,0.012867591329926403,0.013367591329926404,0.017867591329926404,0.012867591329926403,128.0,128.0,116.0,128.0
United States,Helicobacter,9697727.836309524,9671727.836309524,26000.0,0.0,0.0,14,2,13,1,1996,2028,120957.39728599774,0.01091125294533764,0.01101125294533764,0.011911252945337639,0.01091125294533764,144.0,148.0,166.0,144.0
United States,Mucorales,9536554.686,9536554.686,0.0,0.0,0.0,7,2,0,7,2017,2030,-345246.69559523807,0.008296049339529878,0.008796049339529878,0.013296049339529877,0.008296049339529878,167.0,166.0,154.0,167.0
United States,Rhizopus,7328773.578333333,7328773.578333333,0.0,0.0,0.0,12,4,11,1,2015,2029,-218643.8631746032,0.011922783901821506,0.012422783901821506,0.016922783901821507,0.011922783901821506,133.0,133.0,126.0,133.0
United States,Blastomyces,6275411.491666667,6248744.826666666,26666.665,0.0,0.0,8,2,3,5,2016,2028,-20671.65301587302,0.007046969902272811,0.0072969699022728115,0.009546969902272811,0.007046969902272811,185.0,189.0,240.0,185.0
United States,Talaromyces,5726132.98,5726132.98,0.0,0.0,0.0,4,1,0,4,2018,2028,-38512.77380952381,0.0045288490568466625,0.005028849056846662,0.009528849056846662,0.0045288490568466625,248.0,245.0,243.0,248.0
United States,Bordetella,5643903.02047619,5260924.300476191,382978.72,0.0,0.0,10,2,9,2,2015,2028,-87521.23124149661,0.007430393311381884,0.007680393311381884,0.009930393311381883,0.007430393311381884,178.0,181.0,223.0,178.0
United States,Fusarium,5334746.084,4984746.094,349999.99,0.0,0.0,10,0,8,5,2015,2025,-163638.23773809528,0.002744247647404747,0.0032442476474047466,0.007744247647404747,0.002744247647404747,350.0,339.0,413.0,350.0
United States,Treponema,5298650.0,5298650.0,0.0,0.0,0.0,7,2,10,0,1996,2026,44433.494047619046,0.007531285820553515,0.007881285820553516,0.011031285820553516,0.007531285820553515,176.0,176.0,184.0,176.0
United States,Mucor,4994147.766666667,4994147.766666667,0.0,0.0,0.0,7,4,4,3,2016,2029,158780.3111111111,0.014282657390847124,0.014632657390847126,0.017782657390847126,0.014282657390847124,118.0,117.0,118.0,118.0
United States,Corynebacterium,4810384.08,4810384.08,0.0,0.0,0.0,4,2,4,0,2002,2029,32516.281785714284,0.007090375472495096,0.007440375472495096,0.010590375472495098,0.007090375472495096,184.0,186.0,193.0,184.0
United States,Proteus,4478540.961666667,2067495.6316666668,0.0,2411045.33,0.0,8,1,6,2,2005,2027,-93521.93396825396,0.0063456891275941694,0.00674568912759417,0.01034568912759417,0.0063456891275941694,200.0,201.0,196.0,200.0
United States,Mycoplasma,4267114.998888888,4267114.998888889,0.0,0.0,0.0,12,3,14,0,2015,2030,5899.553373015871,0.008575446846349578,0.008925446846349577,0.012075446846349577,0.008575446846349578,162.0,162.0,162.0,162.0
United States,Serratia,4064304.633333333,4064304.633333333,0.0,0.0,0.0,6,1,7,0,2017,2026,-157420.20603174603,0.0038681390948147034,0.004368139094814704,0.008868139094814704,0.0038681390948147034,266.0,263.0,272.0,266.0
United States,Legionella,3950055.995555555,3950055.995555555,0.0,0.0,0.0,5,2,6,0,2019,2030,66637.88111111111,0.007454927290173142,0.007804927290173141,0.010954927290173142,0.007454927290173142,177.0,177.0,186.0,177.0
United States,Citrobacter,3081324.353333333,3081324.353333333,0.0,0.0,0.0,6,1,6,0,2016,2027,-134114.1388888889,0.00347732564842015,0.0039773256484201495,0.00847732564842015,0.00347732564842015,291.0,279.0,297.0,291.0
United States,Trypanosoma,2306353.99,2306353.99,0.0,0.0,0.0,2,1,0,2,2020,2026,22394.595119047623,0.0036329673811937714,0.0039829673811937714,0.0071329673811937715,0.0036329673811937714,275.0,278.0,798.0,275.0
United States,Trichophyton,2190653.48,2190653.48,0.0,0.0,0.0,3,0,0,3,2016,2025,-57707.4988095238,0.0008709603374495198,0.0016209603374495198,0.00837096033744952,0.0008709603374495198,478.0,469.0,303.0,478.0
United States,Moraxella,2070061.0755555555,2070061.0755555555,0.0,0.0,0.0,5,2,6,0,2016,2030,4524.890992063494,0.005421222611376758,0.005771222611376758,0.008921222611376758,0.005421222611376758,214.0,212.0,270.0,214.0
United States,Ureaplasma,1930859.0,1930859.0,0.0,0.0,0.0,2,0,4,0,2011,2022,-5205.357142857143,0.000767671209326745,0.0015176712093267451,0.008267671209326744,0.000767671209326745,489.0,479.0,314.0,489.0
United States,Ascomycota,1807090.88,1807090.88,0.0,0.0,0.0,3,0,0,3,2016,2020,-20071.14285714286,0.0007184634617094939,0.001468463461709494,0.008218463461709494,0.0007184634617094939,496.0,487.0,320.0,496.0
United States,Fusobacterium,1125046.99,1125046.99,0.0,0.0,0.0,4,1,4,0,2021,2027,48791.856309523806,0.003709946245259203,0.004059946245259203,0.007209946245259202,0.003709946245259203,271.0,274.0,796.0,271.0
United States,Not,1085222.66,1085222.66,0.0,0.0,0.0,3,1,0,3,2013,2029,66353.0,0.004057774762122612,0.004407774762122612,0.007557774762122611,0.004057774762122612,262.0,262.0,544.0,262.0
United States,Borrelia,1018094.0,1018094.0,0.0,0.0,0.0,2,0,2,0,2021,2025,22039.809523809523,0.0008611815143002645,0.0014611815143002645,0.006861181514300265,0.0008611815143002645,480.0,489.0,816.0,480.0
United States,Stenotrophomonas,792099.98,792099.98,0.0,0.0,0.0,3,0,3,0,2016,2021,-44937.79642857143,0.00031492322823898093,0.001064923228238981,0.007814923228238981,0.00031492322823898093,568.0,554.0,390.0,568.0
United States,Leptospira,779531.66,779531.66,0.0,0.0,0.0,2,0,1,1,2011,2025,7160.345238095239,0.00045820507367565514,0.0010582050736756552,0.006458205073675655,0.00045820507367565514,536.0,558.0,854.0,536.0
United States,Microsporum,741167.5,741167.5,0.0,0.0,0.0,1,0,0,1,2016,2023,0.0,0.00029467348524085923,0.0010446734852408593,0.00779467348524086,0.00029467348524085923,573.0,562.0,394.0,573.0
United States,Actinomyces,577885.3075,577885.3075,0.0,0.0,0.0,2,0,2,0,2015,2020,-13346.190178571427,0.00022975572678309646,0.0009797557267830965,0.007729755726783097,0.00022975572678309646,598.0,602.0,421.0,598.0
United States,Gram,449883.995,449883.995,0.0,0.0,0.0,2,0,0,2,2021,2025,5355.761845238096,0.0002897738055226054,0.0008897738055226054,0.006289773805522606,0.0002897738055226054,574.0,649.0,871.0,574.0
United States,Aeromonas,433999.98,433999.98,0.0,0.0,0.0,1,0,1,0,2018,2020,-25833.332142857143,0.0001725497768062728,0.0009225497768062728,0.007672549776806273,0.0001725497768062728,625.0,632.0,444.0,625.0
United States,Providencia,410448.33,410448.33,0.0,0.0,0.0,2,0,4,0,2019,2025,-4215.416785714286,0.00016318610828509119,0.0009131861082850911,0.007663186108285092,0.00016318610828509119,631.0,638.0,451.0,631.0
United States,Brucella,360000.0,360000.0,0.0,0.0,0.0,2,0,7,0,2016,2021,-12857.142857142857,0.00014312885371621034,0.0008931288537162103,0.00764312885371621,0.00014312885371621034,642.0,647.0,461.0,642.0
United States,Morganella,73104.165,73104.165,0.0,0.0,0.0,1,0,1,0,2022,2025,2610.863035714285,8.313136644273931e-05,0.0006831313664427393,0.006083131366442739,8.313136644273931e-05,704.0,990.0,925.0,704.0
United States,Coxiella,33470.625,33470.625,0.0,0.0,0.0,1,0,1,0,2016,2019,0.0,1.3307256081708701e-05,0.0007633072560817086,0.007513307256081708,1.3307256081708701e-05,928.0,882.0,691.0,928.0
United States,Basidiomycota,26000.0,0.0,26000.0,0.0,0.0,1,0,0,1,2018,2019,-1547.6190476190477,5.6636288306222786e-05,0.0008066362883062228,0.007556636288306223,5.6636288306222786e-05,755.0,734.0,546.0,755.0
United States,Achromobacter,14459.0,14459.0,0.0,0.0,0.0,1,0,1,0,2016,2018,0.0,5.7486113774519035e-06,0.0007557486113774518,0.007505748611377452,5.7486113774519035e-06,973.0,928.0,736.0,973.0
Uruguay,Salmonella,355436.13666666666,355436.13666666666,0.0,0.0,0.0,4,1,1,3,2018,2026,-11475.319722222222,0.002393566604503414,0.002893566604503414,0.007393566604503413,0.002393566604503414,401.0,388.0,782.0,401.0
Uruguay,Listeria,153583.01,153583.01,0.0,0.0,0.0,1,0,1,0,2018,2022,-9141.845833333336,6.106155603218131e-05,0.0008110615560321813,0.007561061556032181,6.106155603218131e-05,746.0,730.0,540.0,746.0
Uruguay,Leptospira,101765.00333333334,101765.00333333334,0.0,0.0,0.0,4,2,6,0,2016,2028,-2708.332142857143,0.0045449642497143,0.0050449642497142995,0.009544964249714299,0.0045449642497143,247.0,244.0,241.0,247.0
Uruguay,Cryptococcus,100358.75,100358.75,0.0,0.0,0.0,2,2,2,0,2024,2027,8363.229166666666,0.004717593623229314,0.005067593623229313,0.008217593623229312,0.004717593623229314,240.0,243.0,321.0,240.0
Uruguay,Campylobacter,71407.06,71407.06,0.0,0.0,0.0,1,0,0,1,2018,2022,-4250.420238095238,2.8390029569568485e-05,0.0007783900295695685,0.007528390029569568,2.8390029569568485e-05,849.0,812.0,619.0,849.0
Uruguay,Enterococcus,31319.076666666668,31319.076666666668,0.0,0.0,0.0,2,2,0,2,2024,2028,2054.3674999999994,0.00455949885859262,0.004909498858592621,0.008059498858592619,0.00455949885859262,245.0,250.0,345.0,245.0
Uruguay,Borrelia,28377.02333333333,28377.02333333333,0.0,0.0,0.0,2,2,2,0,2025,2028,0.0,0.004515786645675555,0.005015786645675555,0.009515786645675555,0.004515786645675555,252.0,246.0,244.0,252.0
Uruguay,Treponema,28377.02333333333,28377.02333333333,0.0,0.0,0.0,2,2,2,0,2025,2028,0.0,0.004515786645675555,0.005015786645675555,0.009515786645675555,0.004515786645675555,252.0,246.0,244.0,252.0
Uruguay,Escherichia,24652.41,24652.41,0.0,0.0,0.0,1,1,0,1,2024,2026,2054.3674999999994,0.0023045960720122897,0.0026545960720122897,0.00580459607201229,0.0023045960720122897,421.0,430.0,1003.0,421.0
Uruguay,Klebsiella,14336.463333333331,14336.463333333331,0.0,0.0,0.0,2,2,1,1,2023,2028,456.5355158730158,0.00451965848380679,0.0048696584838067904,0.00801965848380679,0.00451965848380679,249.0,251.0,348.0,249.0
Uruguay,Pseudomonas,14336.463333333331,14336.463333333331,0.0,0.0,0.0,2,2,1,1,2023,2028,456.5355158730158,0.00451965848380679,0.0048696584838067904,0.00801965848380679,0.00451965848380679,249.0,251.0,348.0,249.0
Uruguay,Staphylococcus,14336.463333333331,14336.463333333331,0.0,0.0,0.0,2,2,1,1,2023,2028,456.5355158730158,0.00451965848380679,0.0048696584838067904,0.00801965848380679,0.00451965848380679,249.0,251.0,348.0,249.0
Uruguay,Aspergillus,7669.796666666666,7669.796666666666,0.0,0.0,0.0,1,1,0,1,2023,2026,456.5355158730158,0.0022647556972264595,0.0026147556972264596,0.00576475569722646,0.0022647556972264595,426.0,434.0,1005.0,426.0
Uruguay,Candida,7669.796666666666,7669.796666666666,0.0,0.0,0.0,1,1,0,1,2023,2026,456.5355158730158,0.0022647556972264595,0.0026147556972264596,0.00576475569722646,0.0022647556972264595,426.0,434.0,1005.0,426.0
Uruguay,Acinetobacter,6666.666666666667,6666.666666666667,0.0,0.0,0.0,1,1,0,1,2026,2028,0.0,0.0022549027865803304,0.00275490278658033,0.007254902786580331,0.0022549027865803304,428.0,413.0,793.0,428.0
Uruguay,Enterobacter,6666.666666666667,6666.666666666667,0.0,0.0,0.0,1,1,0,1,2026,2028,0.0,0.0022549027865803304,0.00275490278658033,0.007254902786580331,0.0022549027865803304,428.0,413.0,793.0,428.0
Uzbekistan,Klebsiella,77102.0,77102.0,0.0,0.0,0.0,1,0,1,0,2015,2020,0.0,3.065422466452014e-05,0.00078065422466452,0.007530654224664521,3.065422466452014e-05,839.0,802.0,609.0,839.0
Uzbekistan,Neisseria,77102.0,77102.0,0.0,0.0,0.0,1,0,1,0,2015,2020,0.0,3.065422466452014e-05,0.00078065422466452,0.007530654224664521,3.065422466452014e-05,839.0,802.0,609.0,839.0
Uzbekistan,Salmonella,77102.0,77102.0,0.0,0.0,0.0,1,0,1,0,2015,2020,0.0,3.065422466452014e-05,0.00078065422466452,0.007530654224664521,3.065422466452014e-05,839.0,802.0,609.0,839.0
Uzbekistan,Staphylococcus,77102.0,77102.0,0.0,0.0,0.0,1,0,1,0,2015,2020,0.0,3.065422466452014e-05,0.00078065422466452,0.007530654224664521,3.065422466452014e-05,839.0,802.0,609.0,839.0
Viet Nam,Enterobacteriaceae,610500.0,0.0,0.0,610500.0,0.0,1,0,0,1,2021,2025,7267.857142857143,0.0009788658233931419,0.0017288658233931419,0.008478865823393142,0.0009788658233931419,468.0,460.0,296.0,468.0
Zambia,Not,216410.0,0.0,216410.0,0.0,0.0,1,0,0,1,2024,2024,18034.166666666668,0.0008448673610913203,0.0014448673610913203,0.006844867361091321,0.0008448673610913203,481.0,492.0,818.0,481.0
Zimbabwe,Salmonella,244976.04,0.0,244976.04,0.0,0.0,1,0,0,1,2020,2023,-2916.381428571429,0.0005336359088291063,0.0012836359088291064,0.008033635908829106,0.0005336359088291063,525.0,517.0,347.0,525.0
